/*
SQLyog Community v12.09 (64 bit)
MySQL - 10.0.17-MariaDB-wsrep : Database - Security
*********************************************************************
*/

/*!40101 SET NAMES utf8 */;

/*!40101 SET SQL_MODE=''*/;

/*!40014 SET @OLD_UNIQUE_CHECKS=@@UNIQUE_CHECKS, UNIQUE_CHECKS=0 */;
/*!40014 SET @OLD_FOREIGN_KEY_CHECKS=@@FOREIGN_KEY_CHECKS, FOREIGN_KEY_CHECKS=0 */;
/*!40101 SET @OLD_SQL_MODE=@@SQL_MODE, SQL_MODE='NO_AUTO_VALUE_ON_ZERO' */;
/*!40111 SET @OLD_SQL_NOTES=@@SQL_NOTES, SQL_NOTES=0 */;
CREATE DATABASE /*!32312 IF NOT EXISTS*/`Security` /*!40100 DEFAULT CHARACTER SET utf8 */;

USE `Security`;

/*Table structure for table `Devices` */

DROP TABLE IF EXISTS `Devices`;

CREATE TABLE `Devices` (
  `Id` int(11) NOT NULL AUTO_INCREMENT,
  `RequestDeviceId` bigint(20) DEFAULT NULL,
  `IsActived` tinyint(1) NOT NULL,
  `DeviceKey` varchar(200) NOT NULL,
  `DeviceSecret` varchar(200) NOT NULL,
  `DeviceName` varchar(500) NOT NULL,
  `DeviceDescription` varchar(500) DEFAULT NULL,
  `SerialNumber` varchar(200) DEFAULT NULL,
  `IMEI` varchar(200) DEFAULT NULL,
  `Manufacturer` varchar(200) DEFAULT NULL,
  `Model` varchar(200) DEFAULT NULL,
  `Platform` varchar(200) DEFAULT NULL,
  `PlatformVersion` varchar(200) DEFAULT NULL,
  PRIMARY KEY (`Id`)
) ENGINE=InnoDB AUTO_INCREMENT=108 DEFAULT CHARSET=utf8;

/*Data for the table `Devices` */

LOCK TABLES `Devices` WRITE;

insert  into `Devices`(`Id`,`RequestDeviceId`,`IsActived`,`DeviceKey`,`DeviceSecret`,`DeviceName`,`DeviceDescription`,`SerialNumber`,`IMEI`,`Manufacturer`,`Model`,`Platform`,`PlatformVersion`) values (89,NULL,1,'eee24300-0379-11e5-9509-0002a5d5c51b','236951','sfsdf',NULL,NULL,NULL,NULL,NULL,NULL,NULL),(92,84,0,'358240054343033','661333','Nexus AT',NULL,'05f3ce2400517a52','358240054343033','LGE','Nexus 5','Android',NULL),(94,87,1,'354282052844681','737169','AT',NULL,'018c14481a89d384','354282052844681','LGE','LG-F180L','Android',NULL),(96,91,1,'354345060010601','372829','A Hai',NULL,'891f8df9','354345060010601','Bkav','Bphone B1114','Android',NULL),(98,79,1,'000000000000000','215827','Simulator',NULL,'unknown','000000000000000','Genymotion','Google Nexus 4 - 4.2.2 - API 17 - 768x1280','Android',NULL),(99,93,1,'0','121124','BlueBird Test',NULL,'M180CSNBBA047','0','unknown','BM180','Android',NULL),(103,103,1,'358625050479098','796575','ANHTUAN',NULL,'M180BSOFBA678','358625050479098','Bluebird','BM180','Android','4.2.2'),(105,106,1,'358625050472713','782478','Bluebird 613',NULL,'M180BSOFBA613','358625050472713','Bluebird','BM180','Android','4.2.2'),(107,82,1,'358625050596040','494345','BlueBird Test SaCTM',NULL,'M180BSOFBA581','358625050596040','Bluebird','BM180','Android','4.2.2');

UNLOCK TABLES;

/*Table structure for table `GroupPermissions` */

DROP TABLE IF EXISTS `GroupPermissions`;

CREATE TABLE `GroupPermissions` (
  `Id` int(11) NOT NULL AUTO_INCREMENT,
  `GroupId` int(11) NOT NULL,
  `PermissionId` int(11) NOT NULL,
  PRIMARY KEY (`Id`)
) ENGINE=InnoDB AUTO_INCREMENT=75 DEFAULT CHARSET=utf8;

/*Data for the table `GroupPermissions` */

LOCK TABLES `GroupPermissions` WRITE;

insert  into `GroupPermissions`(`Id`,`GroupId`,`PermissionId`) values (24,5,22),(27,5,7),(57,57,31),(60,60,38),(61,63,41),(63,65,42),(65,66,31),(66,67,31),(69,68,35),(72,68,42);

UNLOCK TABLES;

/*Table structure for table `GroupTerms` */

DROP TABLE IF EXISTS `GroupTerms`;

CREATE TABLE `GroupTerms` (
  `GroupId` int(11) NOT NULL,
  `TermId` int(11) NOT NULL,
  PRIMARY KEY (`GroupId`,`TermId`)
) ENGINE=InnoDB DEFAULT CHARSET=utf8;

/*Data for the table `GroupTerms` */

LOCK TABLES `GroupTerms` WRITE;

insert  into `GroupTerms`(`GroupId`,`TermId`) values (5,1),(5,13),(8,19),(8,20),(8,23),(8,26),(8,29),(8,32),(8,41);

UNLOCK TABLES;

/*Table structure for table `GroupUsers` */

DROP TABLE IF EXISTS `GroupUsers`;

CREATE TABLE `GroupUsers` (
  `GroupId` int(11) NOT NULL,
  `UserId` int(11) NOT NULL,
  `UserGuid` varchar(128) DEFAULT NULL,
  PRIMARY KEY (`GroupId`,`UserId`)
) ENGINE=InnoDB DEFAULT CHARSET=utf8;

/*Data for the table `GroupUsers` */

LOCK TABLES `GroupUsers` WRITE;

insert  into `GroupUsers`(`GroupId`,`UserId`,`UserGuid`) values (5,4,'66197444-e464-488e-b2ae-2c7ff37c4632'),(5,7,NULL),(5,545,NULL),(6,47,NULL),(60,56,NULL),(60,542,NULL),(63,63,NULL),(65,64,NULL),(65,542,NULL),(66,48,NULL),(66,60,NULL),(66,66,NULL),(66,69,NULL),(66,72,NULL),(66,75,NULL),(66,78,NULL),(66,81,NULL),(66,84,NULL),(66,87,NULL),(66,90,NULL),(66,93,NULL),(66,96,NULL),(66,99,NULL),(66,102,NULL),(66,105,NULL),(66,108,NULL),(66,111,NULL),(66,114,NULL),(66,117,NULL),(66,120,NULL),(66,123,NULL),(66,126,NULL),(66,129,NULL),(66,132,NULL),(66,135,NULL),(66,138,NULL),(66,141,NULL),(66,144,NULL),(66,147,NULL),(66,150,NULL),(66,153,NULL),(66,156,NULL),(66,159,NULL),(66,162,NULL),(66,165,NULL),(66,168,NULL),(66,171,NULL),(66,174,NULL),(66,177,NULL),(66,180,NULL),(66,183,NULL),(66,186,NULL),(66,189,NULL),(66,192,NULL),(66,195,NULL),(66,198,NULL),(66,201,NULL),(66,204,NULL),(66,207,NULL),(66,210,NULL),(66,213,NULL),(66,216,NULL),(66,219,NULL),(66,222,NULL),(66,225,NULL),(66,228,NULL),(66,231,NULL),(66,234,NULL),(66,237,NULL),(66,240,NULL),(66,243,NULL),(66,246,NULL),(66,249,NULL),(66,252,NULL),(66,255,NULL),(66,258,NULL),(66,261,NULL),(66,264,NULL),(66,267,NULL),(66,270,NULL),(66,273,NULL),(66,276,NULL),(66,279,NULL),(66,282,NULL),(66,285,NULL),(66,288,NULL),(66,291,NULL),(66,294,NULL),(66,297,NULL),(66,300,NULL),(66,303,NULL),(66,306,NULL),(66,309,NULL),(66,312,NULL),(66,315,NULL),(66,318,NULL),(66,321,NULL),(66,324,NULL),(66,327,NULL),(66,330,NULL),(66,333,NULL),(66,336,NULL),(66,339,NULL),(66,342,NULL),(66,345,NULL),(66,348,NULL),(66,351,NULL),(66,354,NULL),(66,357,NULL),(66,360,NULL),(66,363,NULL),(66,366,NULL),(66,369,NULL),(66,372,NULL),(66,375,NULL),(66,378,NULL),(66,381,NULL),(66,384,NULL),(66,387,NULL),(66,390,NULL),(66,393,NULL),(66,396,NULL),(66,399,NULL),(66,402,NULL),(66,405,NULL),(66,408,NULL),(66,411,NULL),(66,414,NULL),(66,417,NULL),(66,420,NULL),(66,423,NULL),(66,426,NULL),(66,429,NULL),(66,432,NULL),(66,435,NULL),(66,438,NULL),(66,441,NULL),(66,444,NULL),(66,447,NULL),(66,450,NULL),(66,453,NULL),(66,456,NULL),(66,459,NULL),(66,462,NULL),(66,465,NULL),(66,468,NULL),(66,471,NULL),(66,474,NULL),(66,477,NULL),(66,480,NULL),(66,483,NULL),(66,486,NULL),(66,489,NULL),(66,492,NULL),(66,494,NULL),(67,495,NULL),(67,497,NULL),(67,498,NULL),(67,501,NULL),(67,503,NULL),(67,504,NULL),(67,506,NULL),(67,507,NULL),(67,510,NULL),(67,512,NULL),(67,515,NULL),(67,516,NULL),(67,519,NULL),(67,522,NULL),(67,524,NULL),(67,527,NULL),(67,528,NULL),(67,530,NULL),(67,531,NULL),(67,533,NULL),(67,536,NULL),(67,537,NULL),(67,539,NULL),(67,540,NULL),(68,543,NULL),(69,572,NULL),(206,573,NULL),(234,548,NULL),(236,549,NULL),(237,551,NULL),(240,552,NULL),(242,555,NULL),(245,558,NULL),(248,560,NULL),(251,561,NULL),(257,564,NULL),(258,567,NULL),(260,570,NULL);

UNLOCK TABLES;

/*Table structure for table `Groups` */

DROP TABLE IF EXISTS `Groups`;

CREATE TABLE `Groups` (
  `Id` int(11) NOT NULL AUTO_INCREMENT,
  `Name` varchar(256) NOT NULL,
  `Description` text,
  `ParentId` int(11) DEFAULT NULL,
  PRIMARY KEY (`Id`)
) ENGINE=InnoDB AUTO_INCREMENT=261 DEFAULT CHARSET=utf8;

/*Data for the table `Groups` */

LOCK TABLES `Groups` WRITE;

insert  into `Groups`(`Id`,`Name`,`Description`,`ParentId`) values (5,'Quản trị hệ thống',NULL,NULL),(8,'Quản lý danh mục','',NULL),(57,'Ga Hà Nội',NULL,55),(60,'Quản lý trung tâm',NULL,NULL),(63,'Invoice VNPT',NULL,NULL),(65,'View API documents',NULL,NULL),(66,'Chuyên viên SG',NULL,NULL),(67,'Chuyên viên HN',NULL,NULL),(68,'FPT support',NULL,NULL),(69,'vtdshn','Công ty Vận tải đường sắt Hà Nội',NULL),(72,'vtdshn_laocai','Chi nhánh VTĐS Lào Cai',NULL),(75,'vtdshn_laocai_baoha','Trạm Bảo Hà',NULL),(77,'vtdshn_laocai_pholu','Trạm Phố Lu',NULL),(78,'vtdshn_laocai_laocai','Trạm Lào Cai',NULL),(81,'vtdshn_laocai_xuangiao','Trạm Xuân Giao',NULL),(84,'vtdshn_yenbai','Chi nhánh VTĐS Yên Bái',NULL),(87,'vtdshn_yenbai_vinhyen','Trạm Vĩnh Yên',NULL),(90,'vtdshn_yenbai_viettri','Trạm Việt Trì',NULL),(92,'vtdshn_yenbai_tienkien','Trạm Tiên Kiên',NULL),(95,'vtdshn_yenbai_phutho','Trạm Phú Thọ',NULL),(98,'vtdshn_yenbai_vanphu','Trạm Văn Phú',NULL),(101,'vtdshn_yenbai_yenbai','Trạm Yên Bái',NULL),(102,'vtdshn_yenbai_maua','Trạm Mậu A',NULL),(104,'vtdshn_bacgiang','Chi nhánh VTĐS Bắc Giang',NULL),(105,'vtdshn_bacgiang_bacgiang','Trạm Bắc Giang',NULL),(107,'vtdshn_bacgiang_kep','Trạm Kép',NULL),(110,'vtdshn_bacgiang_dongmo','Trạm Đồng Mỏ',NULL),(111,'vtdshn_bacgiang_langson','Trạm Lạng Sơn',NULL),(113,'vtdshn_bacgiang_dongdang','Trạm Đồng Đăng',NULL),(114,'vtdshn_bacgiang_maokhe','Trạm Mạo Khê',NULL),(116,'vtdshn_bacgiang_halong','Trạm Hạ Long',NULL),(119,'vtdshn_donganh','Chi nhánh VTĐS Đông Anh',NULL),(120,'vtdshn_donganh_yenvien','Trạm Yên Viên',NULL),(123,'vtdshn_donganh_donganh','Trạm Đông Anh',NULL),(125,'vtdshn_donganh_luuxa','Trạm Lưu Xá',NULL),(126,'vtdshn_haiphong','Chi nhánh VTĐS Hải Phòng',NULL),(129,'vtdshn_haiphong_gialam','Trạm Gia Lâm',NULL),(132,'vtdshn_haiphong_haiphong','Trạm Hải Dương',NULL),(134,'vtdshn_haiphong_vatcach','Trạm Vật Cách',NULL),(135,'vtdshn_haiphong_haiphong','Trạm Hải Phòng',NULL),(137,'vtdshn_hanoi','Chi nhánh VTĐS Hà Nội',NULL),(140,'vtdshn_hanoi_hanoi','Trạm Hà Nội',NULL),(143,'vtdshn_hanoi_giapbat','Trạm Giáp Bát',NULL),(144,'vtdshn_hanoi_vandien','Trạm Văn Điển',NULL),(147,'vtdshn_hanoi_hadong','Trạm Hà Đông',NULL),(150,'vtdshn_bimson','Chi nhánh VTĐS Bỉm Sơn',NULL),(153,'vtdshn_bimson_thinhchau','Trạm Thịnh Châu',NULL),(156,'vtdshn_bimson_phuly','Trạm Phủ Lý',NULL),(159,'vtdshn_bimson_namdinh','Trạm Nam Định',NULL),(162,'vtdshn_bimson_ninhbinh','Trạm Ninh Bình',NULL),(165,'vtdshn_bimson_bimson','Trạm Bỉm sơn',NULL),(168,'vtdshn_bimson_thanhhoa','Trạm Thanh Hóa',NULL),(170,'vtdshn_bimson_truonglam','Trạm Trường Lâm',NULL),(173,'vtdshn_vinh','Chi nhánh VTĐS Vinh',NULL),(174,'vtdshn_vinh_caugiat','Trạm Cầu Giát',NULL),(177,'vtdshn_vinh_vinh','Trạm Vinh',NULL),(180,'vtdshn_vinh_yentrung','Trạm Yên Trung',NULL),(182,'vtdshn_vinh_huongpho','Trạm Hương Phố',NULL),(185,'vtdshn_donghoi','Chi nhánh VTĐS Đồng Hới',NULL),(186,'vtdshn_donghoi_dongle','Trạm Đồng Lê',NULL),(189,'vtdshn_donghoi_donghoi','Trạm Đồng Hới',NULL),(191,'vtdshn_hue','Chi nhánh VTĐS Huế',NULL),(192,'vtdshn_hue_dongha','Trạm Đông Hà',NULL),(194,'vtdshn_hue_hue','Trạm Huế',NULL),(197,'vtdshn_hue_langco','Trạm Lăng Cô',NULL),(200,'vtdshn_phianam','Chi nhánh VTĐS Phía Nam',NULL),(203,'vtdshn_phianam_hoahung','Trạm Hoà Hưng',NULL),(204,'vtdshn_phianam_songthan','Trạm Sóng Thần',NULL),(206,'vtdssg','Công ty Vận tải đường sắt Sài Gòn',NULL),(207,'vtdssg_binhthuan','Chi nhánh VTĐS Bình Thuận',NULL),(210,'vtdssg_binhthuan_bienhoa','Trạm Biên Hòa',NULL),(213,'vtdssg_binhthuan_binhthuan','Trạm Bình Thuận',NULL),(215,'vtdssg_binhthuan_thapcham','Trạm Tháp Chàm',NULL),(216,'vtdssg_danang','Chi nhánh VTĐS Đà Nẵng',NULL),(219,'vtdssg_danang_quangngai','Trạm Quảng Ngãi',NULL),(222,'vtdssg_mienbac','Chi nhánh VTĐS Miền Bắc',NULL),(225,'vtdssg_mienbac_mienbac','Trạm miền Bắc',NULL),(228,'vtdssg_nhatrang','Chi nhánh VTĐS Nha Trang',NULL),(230,'vtdssg_nhatrang_dieutri','Trạm Diêu Trì',NULL),(231,'vtdssg_saigon','Chi nhánh VTĐS Sài Gòn',NULL),(234,'ddt_yenbai_laocai','Tuyến Yên Bái - Lào Cai',NULL),(236,'ddt_viettri_yenbai','Tuyến Việt Trì - Yên Bái',NULL),(237,'ddt_hai_viet','Tuyến Hải - Việt',NULL),(240,'ddt_hanoi_dongdang_kep_halong','Tuyến Hà Nội - Đồng Đăng, Kép - Hạ Long',NULL),(242,'ddt_khu_dau_moi','Khu đầu mối',NULL),(245,'ddt_donghoi_danang','Khu đoạn Đồng Hới - Đà Nẵng',NULL),(248,'ddt_danang_dieutri','Khu đoạn Đà Nẵng - Diêu Trì',NULL),(251,'ddt_vinh_donghoi','Khu đoạn Vinh - Đồng Hới',NULL),(254,'ddt_thapcham_saigon','Khu đoạn Tháp Chàm - Sài Gòn',NULL),(257,'ddt_thanhhoa_vinh','Khu đoạn Thanh Hóa - Vinh',NULL),(258,'ddt_hanoi_thanhhoa','Khu đoạn Hà Nội - Thanh Hóa',NULL),(260,'ddt_dieutri_thapcham','Khu đoạn Diêu Trì - Tháp Chàm',NULL);

UNLOCK TABLES;

/*Table structure for table `LoginHistory` */

DROP TABLE IF EXISTS `LoginHistory`;

CREATE TABLE `LoginHistory` (
  `Id` bigint(20) NOT NULL AUTO_INCREMENT,
  `Type` int(11) NOT NULL,
  `UserId` bigint(20) DEFAULT NULL,
  `UserName` varchar(45) NOT NULL,
  `LoginTime` datetime NOT NULL,
  `LoginStatus` smallint(6) NOT NULL,
  `ClientIP` varchar(45) DEFAULT NULL,
  `ClientUA` varchar(500) DEFAULT NULL,
  `ClientDevice` varchar(100) DEFAULT NULL,
  `ClientApiKey` varchar(200) DEFAULT NULL,
  `Created` datetime NOT NULL,
  PRIMARY KEY (`Id`)
) ENGINE=MyISAM DEFAULT CHARSET=utf8;

/*Data for the table `LoginHistory` */

LOCK TABLES `LoginHistory` WRITE;

UNLOCK TABLES;

/*Table structure for table `PermissionGrants` */

DROP TABLE IF EXISTS `PermissionGrants`;

CREATE TABLE `PermissionGrants` (
  `Id` int(11) NOT NULL AUTO_INCREMENT,
  `PermissionId` varchar(45) NOT NULL,
  `Type` mediumint(4) NOT NULL,
  `IsExactPattern` tinyint(1) NOT NULL,
  `TermPattern` varchar(200) DEFAULT NULL,
  `TermExactPattern` varchar(200) DEFAULT NULL,
  PRIMARY KEY (`Id`)
) ENGINE=InnoDB AUTO_INCREMENT=105 DEFAULT CHARSET=utf8;

/*Data for the table `PermissionGrants` */

LOCK TABLES `PermissionGrants` WRITE;

insert  into `PermissionGrants`(`Id`,`PermissionId`,`Type`,`IsExactPattern`,`TermPattern`,`TermExactPattern`) values (30,'7',1,1,NULL,'100'),(33,'7',1,1,NULL,'110'),(47,'7',1,1,NULL,'120'),(52,'7',1,1,NULL,'130'),(54,'7',1,1,NULL,'140'),(55,'7',1,1,NULL,'150'),(57,'10',1,0,'.*',NULL),(59,'10',0,1,NULL,'100'),(60,'10',0,1,NULL,'110'),(62,'10',0,1,NULL,'120'),(63,'10',0,1,NULL,'130'),(65,'10',0,1,NULL,'140'),(66,'10',0,1,NULL,'150'),(91,'31',1,1,NULL,'300'),(93,'33',1,1,NULL,'300'),(94,'35',1,0,'ActionRole.HeThong.Devices',NULL),(96,'38',1,1,NULL,'700'),(97,'41',1,0,'ActionRole.PublicApi.*',NULL),(99,'22',1,0,'.*',NULL),(102,'42',1,0,'ActionRole.HelpView.*',NULL);

UNLOCK TABLES;

/*Table structure for table `Permissions` */

DROP TABLE IF EXISTS `Permissions`;

CREATE TABLE `Permissions` (
  `Id` int(11) NOT NULL AUTO_INCREMENT,
  `Name` varchar(200) NOT NULL,
  `Description` varchar(500) DEFAULT NULL,
  PRIMARY KEY (`Id`)
) ENGINE=InnoDB AUTO_INCREMENT=48 DEFAULT CHARSET=utf8;

/*Data for the table `Permissions` */

LOCK TABLES `Permissions` WRITE;

insert  into `Permissions`(`Id`,`Name`,`Description`) values (7,'Quản lý thành viên',NULL),(10,'Quản lý danh mục',NULL),(22,'Quản trị hệ thống',NULL),(31,'Soát vé api',NULL),(33,'Gate api role',NULL),(35,'quản lý thiết bị',NULL),(38,'Quản lý yêu cầu soát vé',NULL),(41,'Public API',NULL),(42,'View API documents',NULL),(45,'Update user',NULL);

UNLOCK TABLES;

/*Table structure for table `RequestDevices` */

DROP TABLE IF EXISTS `RequestDevices`;

CREATE TABLE `RequestDevices` (
  `Id` int(11) NOT NULL AUTO_INCREMENT,
  `IsApproved` tinyint(1) NOT NULL,
  `DeviceKey` varchar(200) NOT NULL,
  `SerialNumber` varchar(200) DEFAULT NULL,
  `IMEI` varchar(200) DEFAULT NULL,
  `Manufacturer` varchar(200) DEFAULT NULL,
  `Model` varchar(200) DEFAULT NULL,
  `Platform` varchar(200) DEFAULT NULL,
  `PlatformVersion` varchar(200) DEFAULT NULL,
  `Created` datetime NOT NULL,
  `Updated` datetime DEFAULT NULL,
  PRIMARY KEY (`Id`)
) ENGINE=InnoDB AUTO_INCREMENT=108 DEFAULT CHARSET=utf8;

/*Data for the table `RequestDevices` */

LOCK TABLES `RequestDevices` WRITE;

insert  into `RequestDevices`(`Id`,`IsApproved`,`DeviceKey`,`SerialNumber`,`IMEI`,`Manufacturer`,`Model`,`Platform`,`PlatformVersion`,`Created`,`Updated`) values (10,1,'ABcd-test2',NULL,NULL,NULL,NULL,NULL,NULL,'2015-05-22 17:00:25','2015-05-22 17:46:46'),(15,1,'thangdevice',NULL,NULL,NULL,NULL,NULL,NULL,'2015-05-26 14:25:41','2015-05-26 14:26:33'),(19,1,'eee24300-0379-11e5-9509-0002a5d5c51b',NULL,NULL,NULL,NULL,NULL,NULL,'2015-05-26 14:36:37','2015-08-11 10:58:46'),(25,1,'9124f672aebeb0e',NULL,NULL,NULL,NULL,NULL,NULL,'2015-07-23 13:06:20','2015-07-23 13:10:05'),(26,1,'508a8da652631109',NULL,NULL,NULL,NULL,NULL,NULL,'2015-07-23 14:45:55','2015-07-23 14:46:27'),(28,1,'268a8db4174057e4',NULL,NULL,NULL,NULL,NULL,NULL,'2015-07-23 15:22:20','2015-07-23 15:24:44'),(29,1,'f89376a798521560',NULL,NULL,NULL,NULL,NULL,NULL,'2015-07-23 16:20:40','2015-07-23 16:21:06'),(30,1,'ecca9cc605d95591',NULL,NULL,NULL,NULL,NULL,NULL,'2015-07-24 14:35:37','2015-07-28 09:44:23'),(33,1,'b7efd0a2dc6f4b87',NULL,NULL,NULL,NULL,NULL,NULL,'2015-07-24 15:43:37','2015-07-24 15:44:05'),(35,1,'66423dfc1214a9af',NULL,NULL,NULL,NULL,NULL,NULL,'2015-07-27 09:32:04','2015-07-27 09:33:37'),(36,1,'aa44fa67ac686c4b',NULL,NULL,NULL,NULL,NULL,NULL,'2015-07-27 10:09:43','2015-07-27 10:10:00'),(37,1,'5e3bbc87fe1bd277',NULL,NULL,NULL,NULL,NULL,NULL,'2015-07-27 14:31:04','2015-07-27 14:31:38'),(38,1,'7d3d856872b7cfa4',NULL,NULL,NULL,NULL,NULL,NULL,'2015-07-27 15:32:40','2015-07-27 15:33:07'),(40,1,'dced6740e628ef87',NULL,NULL,NULL,NULL,NULL,NULL,'2015-07-28 09:55:48','2015-07-28 09:56:19'),(41,1,'801d956d9b56ba5a',NULL,NULL,NULL,NULL,NULL,NULL,'2015-07-28 17:24:32','2015-07-28 17:46:25'),(43,1,'string',NULL,NULL,NULL,NULL,NULL,NULL,'2015-07-28 17:42:01','2015-07-28 17:42:32'),(46,1,'12s222xx',NULL,NULL,NULL,NULL,NULL,NULL,'2015-07-28 17:43:52','2015-07-28 17:44:16'),(48,1,'xxxAbc',NULL,NULL,NULL,NULL,NULL,NULL,'2015-07-30 12:59:24','2015-07-30 12:59:58'),(51,1,'yyyAbc','xxxxxx','yyyyyy','zzzzzz','mmm','iOS','7.0.0','2015-07-30 14:44:44','2015-07-30 16:10:43'),(56,1,'0','M180CSNBBA047','0','unknown','BM180','Android',NULL,'2015-08-03 10:35:16','2015-08-17 14:28:21'),(58,1,'358625050596040','M180BSOFBA581','358625050596040','Bluebird','BM180','Android',NULL,'2015-08-03 14:14:24','2015-09-05 11:08:37'),(61,1,'000000000000000','unknown','000000000000000','Genymotion','Google Nexus 5 - 5.0.0 - API 21 - 1080x1920','Android',NULL,'2015-08-04 14:31:50','2015-08-16 16:25:29'),(63,1,'358625050472713','M180BSOFBA613','358625050472713','Bluebird','BM180','Android',NULL,'2015-08-05 17:59:44','2015-08-20 18:18:25'),(64,1,'123456789','xxxx','xxxx','xxxx','xxxx','xxxx','xxxx','2015-08-05 17:59:44','2015-08-06 14:12:26'),(66,0,'aaaaaaaaaaaaaaaaa','aaaaa','aaaa','aaaaa','aaaaaa','aaaaa','aaaaa','2015-08-05 17:59:44','2015-08-06 14:12:26'),(69,1,'358240050774645','02c65f0309112d9a','358240050774645','LGE','Nexus 5','Android',NULL,'2015-08-06 17:00:05','2015-08-06 17:07:54'),(70,1,'358625050479098','M180BSOFBA678','358625050479098','Bluebird','BM180','Android',NULL,'2015-08-07 17:42:22','2015-08-20 17:16:41'),(73,1,'358625050479098','M180BSOFBA678','358625050479098','Bluebird','BM180','Android',NULL,'2015-08-07 18:11:34','2015-08-20 17:16:41'),(74,1,'354345060010601','891f8df9','354345060010601','Bkav','Bphone B1114','Android',NULL,'2015-08-10 11:30:37','2015-08-14 13:57:24'),(79,1,'000000000000000','unknown','000000000000000','Genymotion','Google Nexus 4 - 4.2.2 - API 17 - 768x1280','Android',NULL,'2015-08-16 16:16:15','2015-08-16 16:25:29'),(82,1,'358625050596040','M180BSOFBA581','358625050596040','Bluebird','BM180','Android','4.2.2','2015-09-05 11:06:42','2015-09-05 11:08:37'),(84,1,'358240054343033','05f3ce2400517a52','358240054343033','LGE','Nexus 5','Android',NULL,'2015-08-11 11:17:16','2015-08-20 11:29:27'),(87,1,'354282052844681','018c14481a89d384','354282052844681','LGE','LG-F180L','Android',NULL,'2015-08-11 11:37:45','2015-08-11 11:38:32'),(89,1,'358625050472713','M180BSOFBA613','358625050472713','Bluebird','BM180','Android',NULL,'2015-08-11 13:28:57','2015-08-20 18:18:25'),(91,1,'354345060010601','891f8df9','354345060010601','Bkav','Bphone B1114','Android',NULL,'2015-08-14 11:48:07','2015-08-14 13:57:24'),(93,1,'0','M180CSNBBA047','0','unknown','BM180','Android',NULL,'2015-08-17 14:26:02','2015-08-17 14:28:21'),(96,0,'12s222',NULL,NULL,NULL,NULL,NULL,NULL,'2015-08-17 15:11:02','2015-08-17 15:11:02'),(97,0,'7d3d856872b7cfa4',NULL,NULL,NULL,NULL,NULL,NULL,'2015-08-18 19:13:33','2015-08-18 19:13:33'),(98,1,'358625050472713','M180BSOFBA613','358625050472713','Bluebird','BM180','Android',NULL,'2015-08-20 14:44:59','2015-08-20 18:18:25'),(103,1,'358625050479098','M180BSOFBA678','358625050479098','Bluebird','BM180','Android','4.2.2','2015-08-20 16:28:01','2015-08-20 17:16:41'),(106,1,'358625050472713','M180BSOFBA613','358625050472713','Bluebird','BM180','Android','4.2.2','2015-08-20 18:17:41','2015-08-20 18:18:25');

UNLOCK TABLES;

/*Table structure for table `Roles` */

DROP TABLE IF EXISTS `Roles`;

CREATE TABLE `Roles` (
  `Id` int(11) NOT NULL AUTO_INCREMENT,
  `Guid` varchar(128) DEFAULT NULL,
  `Name` varchar(256) NOT NULL,
  PRIMARY KEY (`Id`)
) ENGINE=InnoDB AUTO_INCREMENT=102 DEFAULT CHARSET=utf8;

/*Data for the table `Roles` */

LOCK TABLES `Roles` WRITE;

insert  into `Roles`(`Id`,`Guid`,`Name`) values (1,'00d6fc84-ba6f-42d9-b849-81b792119946','240'),(2,'26c5453d-c249-48aa-aa4c-28697e418c6f','100'),(3,'367b509a-d092-4251-86d7-347f375c14c0','120'),(4,'4051c045-d78c-4b7f-8cbe-5084a5e031d1','230'),(5,'432d1bf4-dba9-4ebd-bc23-effc961049b8','210'),(6,'60f80e4e-b495-4637-a72c-8c3451b3849e','130'),(7,'612bb793-50d9-4fed-ade3-f9c7411d0dd3','250'),(8,'70ffc995-dd99-4419-9cfe-a15c6497bdba','200'),(9,'d0db5cbe-a7ea-4252-9190-0787844f6fa7','220'),(10,'d4d44f6c-1386-47be-9883-cde8c550c9c1','260'),(11,'d663bb2b-f824-4c63-9c07-683a0738ab63','110'),(14,NULL,'270'),(17,NULL,'140'),(20,NULL,'150'),(22,NULL,'160'),(24,NULL,'300'),(27,NULL,'301'),(30,NULL,'801'),(33,NULL,'802'),(36,NULL,'803'),(39,NULL,'804'),(42,NULL,'805'),(45,NULL,'806'),(48,NULL,'807'),(51,NULL,'808'),(53,NULL,'809'),(56,NULL,'810'),(59,NULL,'811'),(62,NULL,'812'),(65,NULL,'813'),(68,NULL,'901'),(71,NULL,'902'),(72,NULL,'903'),(75,NULL,'904'),(78,NULL,'905'),(81,NULL,'700'),(84,NULL,'001'),(87,NULL,'002'),(90,NULL,'003'),(93,NULL,'007'),(96,NULL,'008'),(98,NULL,'401'),(99,NULL,'004'),(101,NULL,'00A');

UNLOCK TABLES;

/*Table structure for table `Terms` */

DROP TABLE IF EXISTS `Terms`;

CREATE TABLE `Terms` (
  `Id` int(11) NOT NULL AUTO_INCREMENT,
  `RoleKey` varchar(500) NOT NULL,
  `Name` varchar(500) NOT NULL,
  `Description` text,
  PRIMARY KEY (`Id`)
) ENGINE=InnoDB AUTO_INCREMENT=132 DEFAULT CHARSET=utf8;

/*Data for the table `Terms` */

LOCK TABLES `Terms` WRITE;

insert  into `Terms`(`Id`,`RoleKey`,`Name`,`Description`) values (1,'100','Quản lý thành viên',NULL),(13,'110','Quản lý nhóm',NULL),(16,'120','Quản lý roles',NULL),(19,'200','Quản lý đối tượng khách hàng',NULL),(20,'210','Quản lý phương thức thanh toán',NULL),(23,'220','Quản lý lý do khóa chỗ',NULL),(26,'230','Quản lý tuyến',NULL),(29,'240','Quản lý ga',NULL),(32,'250','Quản lý loại chỗ',NULL),(39,'130','Quản lý quyền',NULL),(41,'260','Quản lý loại chỗ',NULL),(44,'270','Quản lý mác tàu',NULL),(47,'140','Thiết lập ứng dụng',NULL),(50,'150','Quản lý ứng dụng',NULL),(52,'160','Quản lý thiết bị',NULL),(54,'300','Get Key checksum',NULL),(57,'301','api soát vé cho gate, mobile',NULL),(60,'801','Báo cáo nhanh',NULL),(63,'802','Báo cáo doanh thu bán hàng',NULL),(66,'803','Báo cáo doanh thu thực hiện',NULL),(69,'804','Báo cáo vé còn',NULL),(72,'805','Báo cáo doanh thu bán hàng phiên vụ',NULL),(75,'806','Báo cáo doanh thu thực hiện phiên vụ',NULL),(78,'807','Báo cáo mật độ hành khách trên tuyến',NULL),(81,'808','Báo cáo hệ số sử dụng tàu theo thời gian',NULL),(83,'809','Báo cáo hệ số sử dụng tàu theo mác tàu',NULL),(86,'810','Báo cáo phân tích cự ly cắt chặng',NULL),(89,'811','Báo cáo đối soát điều chỉnh phiên vụ',NULL),(92,'812','Báo cáo đối soát T3',NULL),(95,'813','Báo cáo vé tập thể',NULL),(98,'901','Công cụ xem booking chưa xuất vé',NULL),(101,'902','Công cụ kiểm tra booking',NULL),(102,'903','Công cụ xem dữ liệu vé bán',NULL),(105,'904','Công cụ xem dữ liệu vé trả',NULL),(108,'905','Công cụ tra cứu vé tết',NULL),(111,'700','Quản lý soát vé',NULL),(114,'001','View help hệ thống',NULL),(117,'002','View help danh mục',NULL),(120,'003','View help soát vé',NULL),(123,'007','View help kế hoạch',NULL),(126,'008','View help hỗ trợ (báo cáo và công cụ)',NULL),(128,'401','View ticket info for public API',NULL),(129,'004','View help public api',NULL),(131,'00A','View help hàng hóa',NULL);

UNLOCK TABLES;

/*Table structure for table `TrustDevices` */

DROP TABLE IF EXISTS `TrustDevices`;

CREATE TABLE `TrustDevices` (
  `Id` int(11) NOT NULL AUTO_INCREMENT,
  `DeviceSerial` varchar(500) NOT NULL,
  `DeviceGroup` int(11) NOT NULL,
  `CreatedTime` datetime NOT NULL,
  PRIMARY KEY (`Id`)
) ENGINE=InnoDB AUTO_INCREMENT=389 DEFAULT CHARSET=utf8;

/*Data for the table `TrustDevices` */

LOCK TABLES `TrustDevices` WRITE;

insert  into `TrustDevices`(`Id`,`DeviceSerial`,`DeviceGroup`,`CreatedTime`) values (1,'M180BSOFBA697',0,'2015-09-01 00:00:00'),(4,'M180BSOFBA579',0,'2015-09-01 00:00:00'),(7,'M180BSOFBA631',0,'2015-09-01 00:00:00'),(10,'M180BSOFBA700',0,'2015-09-01 00:00:00'),(13,'M180BSOFBA673',0,'2015-09-01 00:00:00'),(16,'M180BSOFBA638',0,'2015-09-01 00:00:00'),(19,'M180BSOFBA623',0,'2015-09-01 00:00:00'),(22,'M180BSOFBA576',0,'2015-09-01 00:00:00'),(25,'M180BSOFBA591',0,'2015-09-01 00:00:00'),(28,'M180BSOFBA621',0,'2015-09-01 00:00:00'),(31,'M180BSOFBA692',0,'2015-09-01 00:00:00'),(34,'M180BSOFBA684',0,'2015-09-01 00:00:00'),(37,'M180BSOFBA611',0,'2015-09-01 00:00:00'),(40,'M180BSOFBA596',0,'2015-09-01 00:00:00'),(43,'M180BSOFBA622',0,'2015-09-01 00:00:00'),(46,'M180BSOFBA592',0,'2015-09-01 00:00:00'),(49,'M180BSOFBA683',0,'2015-09-01 00:00:00'),(52,'M180BSOFBA654',0,'2015-09-01 00:00:00'),(55,'M180BSOFBA650',0,'2015-09-01 00:00:00'),(58,'M180BSOFBA712',0,'2015-09-01 00:00:00'),(61,'M180BSOFBA723',0,'2015-09-01 00:00:00'),(64,'M180BSOFBA711',0,'2015-09-01 00:00:00'),(67,'M180BSOFBA688',0,'2015-09-01 00:00:00'),(70,'M180BSOFBA662',0,'2015-09-01 00:00:00'),(73,'M180BSOFBA630',0,'2015-09-01 00:00:00'),(76,'M180BSOFBA655',0,'2015-09-01 00:00:00'),(79,'M180BSOFBA694',0,'2015-09-01 00:00:00'),(82,'M180BSOFBA724',0,'2015-09-01 00:00:00'),(85,'M180BSOFBA664',0,'2015-09-01 00:00:00'),(88,'M180BSOFBA599',0,'2015-09-01 00:00:00'),(91,'M180BSOFBA652',0,'2015-09-01 00:00:00'),(94,'M180BSOFBA720',0,'2015-09-01 00:00:00'),(97,'M180BSOFBA580',0,'2015-09-01 00:00:00'),(100,'M180BSOFBA595',0,'2015-09-01 00:00:00'),(103,'M180BSOFBA691',0,'2015-09-01 00:00:00'),(106,'M180BSOFBA685',0,'2015-09-01 00:00:00'),(109,'M180BSOFBA617',0,'2015-09-01 00:00:00'),(112,'M180BSOFBA661',0,'2015-09-01 00:00:00'),(115,'M180BSOFBA649',0,'2015-09-01 00:00:00'),(118,'M180BSOFBA642',0,'2015-09-01 00:00:00'),(121,'M180BSOFBA619',0,'2015-09-01 00:00:00'),(124,'M180BSOFBA701',0,'2015-09-01 00:00:00'),(127,'M180BSOFBA653',0,'2015-09-01 00:00:00'),(130,'M180BSOFBA582',0,'2015-09-01 00:00:00'),(133,'M180BSOFBA651',0,'2015-09-01 00:00:00'),(136,'M180BSOFBA715',0,'2015-09-01 00:00:00'),(139,'M180BSOFBA706',0,'2015-09-01 00:00:00'),(142,'M180BSOFBA721',0,'2015-09-01 00:00:00'),(145,'M180BSOFBA626',0,'2015-09-01 00:00:00'),(148,'M180BSOFBA597',0,'2015-09-01 00:00:00'),(151,'M180BSOFBA722',0,'2015-09-01 00:00:00'),(154,'M180BSOFBA589',0,'2015-09-01 00:00:00'),(157,'M180BSOFBA669',0,'2015-09-01 00:00:00'),(160,'M180BSOFBA587',0,'2015-09-01 00:00:00'),(163,'M180BSOFBA713',0,'2015-09-01 00:00:00'),(166,'M180BSOFBA698',0,'2015-09-01 00:00:00'),(169,'M180BSOFBA676',0,'2015-09-01 00:00:00'),(172,'M180BSOFBA643',0,'2015-09-01 00:00:00'),(175,'M180BSOFBA584',0,'2015-09-01 00:00:00'),(178,'M180BSOFBA682',0,'2015-09-01 00:00:00'),(181,'M180BSOFBA704',0,'2015-09-01 00:00:00'),(184,'M180BSOFBA681',0,'2015-09-01 00:00:00'),(187,'M180BSOFBA625',0,'2015-09-01 00:00:00'),(190,'M180BSOFBA610',0,'2015-09-01 00:00:00'),(193,'M180BSOFBA665',0,'2015-09-01 00:00:00'),(196,'M180BSOFBA639',0,'2015-09-01 00:00:00'),(199,'M180BSOFBA718',0,'2015-09-01 00:00:00'),(202,'M180BSOFBA719',0,'2015-09-01 00:00:00'),(205,'M180BSOFBA666',0,'2015-09-01 00:00:00'),(208,'M180BSOFBA710',0,'2015-09-01 00:00:00'),(211,'M180BSOFBA708',0,'2015-09-01 00:00:00'),(214,'M180BSOFBA636',0,'2015-09-01 00:00:00'),(217,'M180BSOFBA593',0,'2015-09-01 00:00:00'),(220,'M180BSOFBA671',0,'2015-09-01 00:00:00'),(223,'M180BSOFBA583',0,'2015-09-01 00:00:00'),(226,'M180BSOFBA608',0,'2015-09-01 00:00:00'),(229,'M180BSOFBA586',0,'2015-09-01 00:00:00'),(232,'M180BSOFBA607',0,'2015-09-01 00:00:00'),(235,'M180BSOFBA680',0,'2015-09-01 00:00:00'),(238,'M180BSOFBA590',0,'2015-09-01 00:00:00'),(241,'M180BSOFBA627',0,'2015-09-01 00:00:00'),(244,'M180BSOFBA605',0,'2015-09-01 00:00:00'),(247,'M180BSOFBA577',0,'2015-09-01 00:00:00'),(250,'M180BSOFBA601',0,'2015-09-01 00:00:00'),(253,'M180BSOFBA633',0,'2015-09-01 00:00:00'),(256,'M180BSOFBA612',0,'2015-09-01 00:00:00'),(259,'M180BSOFBA667',0,'2015-09-01 00:00:00'),(262,'M180BSOFBA702',0,'2015-09-01 00:00:00'),(265,'M180BSOFBA637',0,'2015-09-01 00:00:00'),(268,'M180BSOFBA594',0,'2015-09-01 00:00:00'),(271,'M180BSOFBA609',0,'2015-09-01 00:00:00'),(274,'M180BSOFBA588',0,'2015-09-01 00:00:00'),(277,'M180BSOFBA687',0,'2015-09-01 00:00:00'),(280,'M180BSOFBA709',0,'2015-09-01 00:00:00'),(283,'M180BSOFBA618',0,'2015-09-01 00:00:00'),(286,'M180BSOFBA705',0,'2015-09-01 00:00:00'),(289,'M180BSOFBA686',0,'2015-09-01 00:00:00'),(292,'M180BSOFBA689',0,'2015-09-01 00:00:00'),(295,'M180BSOFBA668',0,'2015-09-01 00:00:00'),(298,'M180BSOFBA585',0,'2015-09-01 00:00:00'),(301,'M180BSOFBA624',0,'2015-09-01 00:00:00'),(304,'M180BSOFBA707',0,'2015-09-01 00:00:00'),(307,'M180BSOFBA600',0,'2015-09-01 00:00:00'),(310,'M180BSOFBA663',0,'2015-09-01 00:00:00'),(313,'M180BSOFBA604',0,'2015-09-01 00:00:00'),(316,'M180BSOFBA648',0,'2015-09-01 00:00:00'),(319,'M180BSOFBA703',0,'2015-09-01 00:00:00'),(322,'M180BSOFBA646',0,'2015-09-01 00:00:00'),(325,'M180BSOFBA716',0,'2015-09-01 00:00:00'),(328,'M180BSOFBA606',0,'2015-09-01 00:00:00'),(331,'M180BSOFBA695',0,'2015-09-01 00:00:00'),(334,'M180BSOFBA660',0,'2015-09-01 00:00:00'),(337,'M180BSOFBA616',0,'2015-09-01 00:00:00'),(340,'M180BSOFBA640',0,'2015-09-01 00:00:00'),(343,'M180BSOFBA674',0,'2015-09-01 00:00:00'),(346,'M180BSOFBA634',0,'2015-09-01 00:00:00'),(349,'M180BSOFBA647',0,'2015-09-01 00:00:00'),(352,'M180BSOFBA696',0,'2015-09-01 00:00:00'),(355,'M180BSOFBA717',0,'2015-09-01 00:00:00'),(358,'M180BSOFBA644',0,'2015-09-01 00:00:00'),(361,'M180BSOFBA598',0,'2015-09-01 00:00:00'),(364,'M180BSOFBA690',0,'2015-09-01 00:00:00'),(367,'M180BSOFBA679',0,'2015-09-01 00:00:00'),(370,'M180BSOFBA714',0,'2015-09-01 00:00:00'),(373,'M180BSOFBA656',0,'2015-09-01 00:00:00'),(376,'M180BSOFBA677',0,'2015-09-01 00:00:00'),(379,'M180BSOFBA635',0,'2015-09-01 00:00:00'),(382,'M180BSOFBA629',0,'2015-09-01 00:00:00'),(385,'M180BSOFBA628',0,'2015-09-01 00:00:00'),(388,'M180BSOFBA670',0,'2015-09-01 00:00:00');

UNLOCK TABLES;

/*Table structure for table `UserApps` */

DROP TABLE IF EXISTS `UserApps`;

CREATE TABLE `UserApps` (
  `Id` int(11) NOT NULL AUTO_INCREMENT,
  `UserId` int(11) NOT NULL,
  `IsActive` int(11) NOT NULL DEFAULT '0',
  `ApiType` int(11) NOT NULL DEFAULT '0',
  `ApiName` varchar(200) NOT NULL,
  `ApiKey` varchar(200) DEFAULT NULL,
  `ApiSecret` varchar(500) DEFAULT NULL,
  `AppHosts` mediumtext,
  `AppIps` mediumtext,
  PRIMARY KEY (`Id`)
) ENGINE=InnoDB AUTO_INCREMENT=20 DEFAULT CHARSET=utf8;

/*Data for the table `UserApps` */

LOCK TABLES `UserApps` WRITE;

insert  into `UserApps`(`Id`,`UserId`,`IsActive`,`ApiType`,`ApiName`,`ApiKey`,`ApiSecret`,`AppHosts`,`AppIps`) values (2,7,1,1,'Abcde','5d627a23eb305f7a088c940910c42d92','IUz8jiiuH8Eo+M4y7bzcUNuPQhCVyRUYmV9bfXW9y8x48FG/GQG53YKLpziV3UkSpFPwrCJK1QLnmcWZXhRW+Q==','',NULL),(8,9,1,1,'Test1','a45275ad807145e885cdab17957d6981','n0SyUmJrM8o1y26WnbLnWQ6Z2q33CEcTydOTg44qyWJcxk9uIJ0ez3KLGdtnMJO8detGPcVVdjwyH772R6PC2Q==',NULL,NULL),(10,50,1,1,'Gate client','cdf510b47f7a48be9544a7333e49c9e0','FGiODWLu0wQe7w8ip4MbD6TCgAORDzxZGjaHsWd3SdXcSzmliaE2yhcUQbo3cFBFMV7NmGcqFehisxKVGeJkQg==','',''),(16,46,0,1,'eeeee','7432d7e54bb141cb9bdc09ed0ed0c81b','eonuYfj+HXnFPpmXCsWTbee7ZfHRzi9vmbyyJ7BOyVsyPIFOG4ULzIipcdOv3Wi2hSL4RBbCmpaUyb91Wcm32w==','eonuYfj+HXnFPpmXCsWTbee7ZfHRzi9vmbyyJ7BOyVsyPIFOG4ULzIipcdOv3Wi2hSL4RBbCmpaUyb91Wcm32w==','eonuYfj+HXnFPpmXCsWTbee7ZfHRzi9vmbyyJ7BOyVsyPIFOG4ULzIipcdOv3Wi2hSL4RBbCmpaUyb91Wcm32w=='),(19,63,1,1,'Invoice VNPT','071a3308e47b422f82b101411ddf933d','iYhCRx39xj7alP98oIcW6DWfPzCCpwumfqYUdjdlLwf0SGltPhoO9OlNJB40n99QfSs7cxxNkyuH9eB9cpOEig==',NULL,NULL);

UNLOCK TABLES;

/*Table structure for table `UserClaims` */

DROP TABLE IF EXISTS `UserClaims`;

CREATE TABLE `UserClaims` (
  `Id` int(11) NOT NULL AUTO_INCREMENT,
  `UserId` int(11) NOT NULL,
  `UserGuid` varchar(128) DEFAULT NULL,
  `ClaimType` longtext,
  `ClaimValue` longtext,
  PRIMARY KEY (`Id`),
  UNIQUE KEY `Id` (`Id`),
  KEY `UserId` (`UserGuid`)
) ENGINE=InnoDB AUTO_INCREMENT=663 DEFAULT CHARSET=utf8;

/*Data for the table `UserClaims` */

LOCK TABLES `UserClaims` WRITE;

insert  into `UserClaims`(`Id`,`UserId`,`UserGuid`,`ClaimType`,`ClaimValue`) values (10,36,NULL,'displayName','Đàm Quốc Dương 1'),(19,3,NULL,'displayName','Test'),(26,39,NULL,'displayName','Quốc Dương'),(31,43,NULL,'displayName','Thang Nguyen Duc'),(34,40,NULL,'displayName','Thang Nguyen Duc'),(35,44,NULL,'displayName','thangndgt'),(56,45,NULL,'displayName','ddddd'),(62,46,NULL,'displayName','eeeee'),(67,8,NULL,'displayName','test'),(68,47,NULL,'displayName','yyyyyyyyy'),(74,51,NULL,'displayName','zzzzzzzz'),(88,54,NULL,'displayName','dam quoc duong'),(99,7,NULL,'displayName','Đàm Quốc Dương'),(114,18,NULL,'displayName','xxxx'),(115,50,NULL,'displayName','Gate test user'),(116,52,NULL,'displayName','Quân'),(120,56,NULL,'displayName','Cao Thị Mai Sa'),(121,58,NULL,'displayName','support'),(134,64,NULL,'displayName','API document viewer'),(137,48,NULL,'displayName','Nguyen Van A'),(138,60,NULL,'displayName','HNO 2'),(141,66,NULL,'displayName','Tu Việt  Hùng'),(144,69,NULL,'displayName','Hoàng Ngọc  Thảo'),(147,72,NULL,'displayName','Tạ Đình  Quyền'),(150,75,NULL,'displayName','Phạm Quang  Khánh'),(153,78,NULL,'displayName','Ngô Minh  Quang'),(156,81,NULL,'displayName','Mai Xuân  Vĩnh'),(159,84,NULL,'displayName','Phùng Duy  Nhàn'),(162,87,NULL,'displayName','Nguyễn Thị Mỹ  Tâm'),(165,90,NULL,'displayName','Hoàng Công  Tích'),(168,93,NULL,'displayName','Nguyễn NGọc  Sơn'),(171,96,NULL,'displayName','Trần  Chương'),(174,99,NULL,'displayName','Nguyễn Đức  Vũ'),(177,102,NULL,'displayName','Mai Hữu  Cường'),(180,105,NULL,'displayName','Nguyễn  Minh'),(183,108,NULL,'displayName','Lê Thị Minh  Thuận'),(186,111,NULL,'displayName','Nguyễn Quốc  Trọng'),(189,114,NULL,'displayName','Lê Văn  Thi'),(192,117,NULL,'displayName','Lê Minh  Tiến'),(195,120,NULL,'displayName','Võ Minh  Sơn'),(198,123,NULL,'displayName','Nguyễn Quốc  Khánh'),(201,126,NULL,'displayName','Phan Anh  Tuấn'),(204,129,NULL,'displayName','Nguyễn Thành  Công'),(207,132,NULL,'displayName','Lê Quang  Hưng'),(210,135,NULL,'displayName','Lê Thị Kim  Loan'),(213,138,NULL,'displayName','Ngô Ngọc Tạo'),(216,141,NULL,'displayName','Ngô Văn Ngọc'),(219,144,NULL,'displayName','Trần Đức Dũng'),(222,147,NULL,'displayName','Nguyễn Thành Đức'),(225,150,NULL,'displayName','Phạm Nam  Giang'),(228,153,NULL,'displayName','Hồ Bảo  Hoàng'),(231,156,NULL,'displayName','Phan Đức Thành'),(234,159,NULL,'displayName','Phương Nguyễn Anh Huy'),(237,162,NULL,'displayName','Đặng Ngọc Quát'),(240,165,NULL,'displayName','Lê Quang Thiều'),(243,168,NULL,'displayName','Võ Tiến Minh'),(246,171,NULL,'displayName','Phan Thế Vũ'),(249,174,NULL,'displayName','Đinh Quang Sơn'),(252,177,NULL,'displayName','Phùng Duy Thông'),(255,180,NULL,'displayName','Hồ Tấn Đức'),(258,183,NULL,'displayName','Thái Văn Cường'),(261,186,NULL,'displayName','Nguyễn Tiến Hưng'),(264,189,NULL,'displayName','Trần Thanh Ngọc'),(267,192,NULL,'displayName','Nguyễn Việt Hoàng'),(270,195,NULL,'displayName','Lê Thị Duyên'),(273,198,NULL,'displayName','Nguyễn Hoàng Diễm'),(276,201,NULL,'displayName','Nguyễn Huy Sinh'),(279,204,NULL,'displayName','Lê Thị Lụa'),(282,207,NULL,'displayName','Ngô Tấn Tường An'),(285,210,NULL,'displayName','Nguyễn Ngọc Tuấn'),(288,213,NULL,'displayName','Nguyễn Chánh Trung'),(291,216,NULL,'displayName','Hồ Sỹ Thái'),(294,219,NULL,'displayName','Phạm Thị Tình'),(297,222,NULL,'displayName','Phan Thái  Hòa'),(300,225,NULL,'displayName','Trần văn Thắng'),(303,228,NULL,'displayName','Nguyễn Việt Long'),(306,231,NULL,'displayName','Đào văn Tuyến'),(309,234,NULL,'displayName','Nguyễn Tuấn Ninh'),(312,237,NULL,'displayName','Ninh Xuân  Thủy'),(315,240,NULL,'displayName','Vũ Thanh Thủy'),(318,243,NULL,'displayName','Đỗ Văn Tuấn'),(321,246,NULL,'displayName','Nguyễn Tiến Mạnh'),(324,249,NULL,'displayName','Võ Thanh Xuân'),(327,252,NULL,'displayName','Lê Phương Quang'),(330,255,NULL,'displayName','Diệp Minh Tín'),(333,258,NULL,'displayName','Lê Hoàng Minh'),(336,261,NULL,'displayName','Dđào T Hoàng Thùy'),(339,264,NULL,'displayName','Thiều Quang Tám'),(342,267,NULL,'displayName','Trần Thanh Toàn'),(345,270,NULL,'displayName','Trần Khánh Tâm'),(348,273,NULL,'displayName','Đỗ Đức Minh'),(351,276,NULL,'displayName','Trần Văn Biên'),(354,279,NULL,'displayName','Lê Văn Hoàng Thắng'),(357,282,NULL,'displayName','Nguyễn Văn Đẹp'),(360,285,NULL,'displayName','Đỗ Ngọc Quỳnh'),(363,288,NULL,'displayName','Nguyễn Trường Tam'),(366,291,NULL,'displayName','Nguyễn Lê  An'),(369,294,NULL,'displayName','Lê Thái  Châu'),(372,297,NULL,'displayName','Trần Quốc Hoàn(86)'),(375,300,NULL,'displayName','Nguyễn Thành Thịnh'),(378,303,NULL,'displayName','Nguyễn Hữu Hợp'),(381,306,NULL,'displayName','Lâm Đình Quảng'),(384,309,NULL,'displayName','Nguyễn Quốc Hoàng'),(387,312,NULL,'displayName','Trần Văn Lợi'),(390,315,NULL,'displayName','Huỳnh T Mai Hiền'),(393,318,NULL,'displayName','Nguyễn Tấn Tài'),(396,321,NULL,'displayName','Phạm Văn Chung'),(399,324,NULL,'displayName','Nguyễn Minh Hòa'),(402,327,NULL,'displayName','Thân Đức Khái'),(405,330,NULL,'displayName','Trương Quang Lục'),(408,333,NULL,'displayName','Trương Minh Tuấn'),(411,336,NULL,'displayName','Lưu Khánh Phương'),(414,339,NULL,'displayName','Nguyễn Huy Vỹ'),(417,342,NULL,'displayName','Hoàng Ngọc Thành'),(420,345,NULL,'displayName','Nguyễn Bá Hải'),(423,348,NULL,'displayName','Nguyễn Văn Bảy'),(426,351,NULL,'displayName','Đoàn Kim  Cương'),(429,354,NULL,'displayName','Vũ Văn Hiển'),(432,357,NULL,'displayName','Trần Quốc Hùng'),(435,360,NULL,'displayName','Đặng Xuân ân'),(438,363,NULL,'displayName','Trần Ngọc Thanh'),(441,366,NULL,'displayName','Bùi Anh Hưng'),(444,369,NULL,'displayName','Huỳnh Hữu Nghĩa'),(447,372,NULL,'displayName','Nguyễn Văn Khải'),(450,375,NULL,'displayName','Phan Văn Mạnh'),(453,378,NULL,'displayName','Tạ Văn Hiền'),(456,381,NULL,'displayName','Trần Đại  Ngọc'),(459,384,NULL,'displayName','Nguyễn Hữu Toán'),(462,387,NULL,'displayName','Trần Xuân Hùng'),(465,390,NULL,'displayName','Nguyễn Trần Kiệt'),(468,393,NULL,'displayName','Võ Minh Tùng'),(471,396,NULL,'displayName','Nguyễn Thị  Cúc'),(474,399,NULL,'displayName','Đặng Xuân Định'),(477,402,NULL,'displayName','Nguyễn Xuân Linh'),(480,405,NULL,'displayName','Lương văn Quyền'),(483,408,NULL,'displayName','Phùng Ngọc Thức'),(486,411,NULL,'displayName','Bùi Văn Tiến'),(489,414,NULL,'displayName','Nguyễn Hồng Thăng'),(492,417,NULL,'displayName','Phạm Mạnh Thiều'),(495,420,NULL,'displayName','Đỗ T Kim  Oanh'),(498,423,NULL,'displayName','Chu Văn Hà'),(501,426,NULL,'displayName','Nguyễn Cường'),(504,429,NULL,'displayName','Trương Công  Trà'),(507,432,NULL,'displayName','Nguyễn Văn Tùng'),(510,435,NULL,'displayName','Huỳnh Văn Minh'),(513,438,NULL,'displayName','Nguyễn Ngọc Tuân'),(516,441,NULL,'displayName','Thái Doãn Tuấn'),(519,444,NULL,'displayName','Nguyễn Hồng  Phú'),(522,447,NULL,'displayName','Trần Xuân  Khải'),(525,450,NULL,'displayName','Võ Đức  Kỷ'),(528,453,NULL,'displayName','Nguyễn Viết Huùng'),(531,456,NULL,'displayName','Bùi Thanh Hoài'),(534,459,NULL,'displayName','Lâm Trọng Đức'),(537,462,NULL,'displayName','Nguyễn Văn Đoàn'),(540,465,NULL,'displayName','Bùi Thành Công'),(543,468,NULL,'displayName','Lê Thanh Phương'),(546,471,NULL,'displayName','Nguyễn Đình Tài'),(549,474,NULL,'displayName','Nguyễn Huy Nam'),(552,477,NULL,'displayName','Huỳnh Văn Bình'),(555,480,NULL,'displayName','Vũ Hữu Bằng'),(558,483,NULL,'displayName','Nguyễn Đình Quý'),(561,486,NULL,'displayName','Lê Ngọc Khanh'),(564,489,NULL,'displayName','Nguyễn Cao Sơn'),(567,492,NULL,'displayName','Đinh Đông  Hải'),(568,494,NULL,'displayName','Võ Tuấn Minh'),(570,495,NULL,'displayName','Đội tàu'),(573,497,NULL,'displayName','Trạm Huế'),(575,498,NULL,'displayName','Đội tàu'),(578,501,NULL,'displayName','Trạm Vinh'),(579,503,NULL,'displayName','Đội tàu1'),(581,504,NULL,'displayName','Đội tàu 2'),(582,506,NULL,'displayName','Đội tàu 3'),(585,507,NULL,'displayName','Đội tàu1'),(587,510,NULL,'displayName','Đội Tàu 2'),(588,512,NULL,'displayName','Đội tàu 3'),(591,515,NULL,'displayName','Đội tàu 4'),(593,516,NULL,'displayName','Trạm Hải Phòng1'),(594,519,NULL,'displayName','Trạm Hải Phòng2'),(596,522,NULL,'displayName','Trạm Gia Lâm'),(597,524,NULL,'displayName','Trạm Hà Nội'),(600,527,NULL,'displayName','Trạm Long Biên'),(602,528,NULL,'displayName','Trạm tiếp viên Đường Sắt'),(603,530,NULL,'displayName','Trạm Thống Nhất'),(605,531,NULL,'displayName','Trạm Hà Nội'),(608,533,NULL,'displayName','Trạm Yên Bái'),(609,536,NULL,'displayName','Trạm Thanh Hóa'),(611,537,NULL,'displayName','Trạm Vinh'),(612,539,NULL,'displayName','Đội Tàu '),(614,540,NULL,'displayName','Trạm Đồng Hới'),(615,542,NULL,'displayName','Lê Tuấn Hiệp'),(618,543,NULL,'displayName','FPT support'),(619,63,NULL,'displayName','User for invoice vnpt'),(620,545,NULL,'displayName','Admin'),(627,548,NULL,'displayName','User1 Tuyến Yên Bái - Lào Cai'),(630,549,NULL,'displayName','User1 Tuyến Việt Trì - Yên Bái'),(633,551,NULL,'displayName','User1 Tuyến Hải - Việt'),(641,552,NULL,'displayName','User1 Tuyến Hà Nội-Đồng Đăng, Kép-Hạ Long'),(642,555,NULL,'displayName','User1 Khu đầu mối'),(645,558,NULL,'displayName','User1 Khu đoạn Đồng Hới - Đà Nẵng'),(648,560,NULL,'displayName','User1 Khu đoạn Đà Nẵng - Diêu Trì'),(650,561,NULL,'displayName','User1 Khu đoạn Vinh - Đồng Hới'),(651,563,NULL,'displayName','User1 Khu đoạn Tháp Chàm - Sài Gòn'),(654,564,NULL,'displayName','user1 Khu đoạn Thanh Hóa - Vinh'),(656,567,NULL,'displayName','User1 Khu đoạn Hà Nội - Thanh Hóa'),(657,570,NULL,'displayName','User1 Khu đoạn Diêu Trì - Tháp Chàm'),(660,572,NULL,'displayName','User1 Công ty Vận tải đường sắt Hà Nội'),(662,573,NULL,'displayName','user1 Công ty Vận tải đường sắt Sài Gòn');

UNLOCK TABLES;

/*Table structure for table `UserLogins` */

DROP TABLE IF EXISTS `UserLogins`;

CREATE TABLE `UserLogins` (
  `LoginProvider` varchar(128) NOT NULL,
  `ProviderKey` varchar(128) NOT NULL,
  `UserId` int(11) NOT NULL,
  `UserGuid` varchar(128) DEFAULT NULL,
  PRIMARY KEY (`LoginProvider`,`ProviderKey`,`UserId`),
  KEY `ApplicationUser_Logins` (`UserGuid`)
) ENGINE=InnoDB DEFAULT CHARSET=utf8;

/*Data for the table `UserLogins` */

LOCK TABLES `UserLogins` WRITE;

insert  into `UserLogins`(`LoginProvider`,`ProviderKey`,`UserId`,`UserGuid`) values ('Facebook','10200549931506121',36,NULL),('Facebook','1074418675905481',40,NULL),('Google','111286450724457716782',39,NULL),('Google','112620544101624150188',43,NULL),('Google','112768258553207193778',44,NULL);

UNLOCK TABLES;

/*Table structure for table `UserPermissions` */

DROP TABLE IF EXISTS `UserPermissions`;

CREATE TABLE `UserPermissions` (
  `Id` int(11) NOT NULL AUTO_INCREMENT,
  `UserId` int(11) NOT NULL,
  `PermissionId` int(11) NOT NULL,
  PRIMARY KEY (`Id`)
) ENGINE=InnoDB AUTO_INCREMENT=42 DEFAULT CHARSET=utf8;

/*Data for the table `UserPermissions` */

LOCK TABLES `UserPermissions` WRITE;

insert  into `UserPermissions`(`Id`,`UserId`,`PermissionId`) values (8,7,2),(27,7,22),(36,7,31),(38,50,33),(40,52,35),(41,542,35);

UNLOCK TABLES;

/*Table structure for table `UserRoles` */

DROP TABLE IF EXISTS `UserRoles`;

CREATE TABLE `UserRoles` (
  `UserId` int(11) NOT NULL,
  `UserGuid` varchar(128) DEFAULT NULL,
  `RoleId` int(11) NOT NULL,
  `RoleGuid` varchar(128) DEFAULT NULL,
  PRIMARY KEY (`UserId`,`RoleId`),
  KEY `IdentityRole_Users` (`RoleGuid`)
) ENGINE=InnoDB DEFAULT CHARSET=utf8;

/*Data for the table `UserRoles` */

LOCK TABLES `UserRoles` WRITE;

insert  into `UserRoles`(`UserId`,`UserGuid`,`RoleId`,`RoleGuid`) values (4,NULL,1,NULL),(4,NULL,2,NULL),(4,NULL,3,NULL),(4,NULL,4,NULL),(4,NULL,5,NULL),(4,NULL,6,NULL),(4,NULL,7,NULL),(4,NULL,8,NULL),(4,NULL,9,NULL),(4,NULL,10,NULL),(4,NULL,11,NULL),(4,NULL,14,NULL),(4,NULL,17,NULL),(4,NULL,20,NULL),(4,NULL,22,NULL),(4,NULL,24,NULL),(4,NULL,27,NULL),(4,NULL,30,NULL),(4,NULL,33,NULL),(4,NULL,36,NULL),(4,NULL,39,NULL),(4,NULL,42,NULL),(4,NULL,45,NULL),(4,NULL,48,NULL),(4,NULL,51,NULL),(4,NULL,53,NULL),(4,NULL,56,NULL),(4,NULL,59,NULL),(4,NULL,62,NULL),(4,NULL,65,NULL),(4,NULL,68,NULL),(4,NULL,71,NULL),(4,NULL,72,NULL),(4,NULL,75,NULL),(4,NULL,78,NULL),(4,NULL,81,NULL),(4,NULL,84,NULL),(4,NULL,87,NULL),(4,NULL,90,NULL),(4,NULL,93,NULL),(4,NULL,96,NULL),(4,NULL,98,NULL),(4,NULL,99,NULL),(4,NULL,101,NULL),(7,NULL,1,NULL),(7,'c7af69e4-5e56-4332-a65c-28630871fcbe',2,'26c5453d-c249-48aa-aa4c-28697e418c6f'),(7,'c7af69e4-5e56-4332-a65c-28630871fcbe',3,'367b509a-d092-4251-86d7-347f375c14c0'),(7,NULL,4,NULL),(7,NULL,5,NULL),(7,'c7af69e4-5e56-4332-a65c-28630871fcbe',6,'60f80e4e-b495-4637-a72c-8c3451b3849e'),(7,NULL,7,NULL),(7,NULL,8,NULL),(7,NULL,9,NULL),(7,NULL,10,NULL),(7,'c7af69e4-5e56-4332-a65c-28630871fcbe',11,'d663bb2b-f824-4c63-9c07-683a0738ab63'),(7,NULL,14,NULL),(7,NULL,17,NULL),(7,NULL,20,NULL),(7,NULL,22,NULL),(7,NULL,24,NULL),(7,NULL,27,NULL),(7,NULL,30,NULL),(7,NULL,33,NULL),(7,NULL,36,NULL),(7,NULL,39,NULL),(7,NULL,42,NULL),(7,NULL,45,NULL),(7,NULL,48,NULL),(7,NULL,51,NULL),(7,NULL,53,NULL),(7,NULL,56,NULL),(7,NULL,59,NULL),(7,NULL,62,NULL),(7,NULL,65,NULL),(7,NULL,68,NULL),(7,NULL,71,NULL),(7,NULL,72,NULL),(7,NULL,75,NULL),(7,NULL,78,NULL),(7,NULL,81,NULL),(7,NULL,84,NULL),(7,NULL,87,NULL),(7,NULL,90,NULL),(7,NULL,93,NULL),(7,NULL,96,NULL),(7,NULL,98,NULL),(7,NULL,99,NULL),(7,NULL,101,NULL),(48,NULL,24,NULL),(50,NULL,24,NULL),(52,NULL,22,NULL),(56,NULL,81,NULL),(60,NULL,24,NULL),(63,NULL,98,NULL),(64,NULL,84,NULL),(64,NULL,87,NULL),(64,NULL,90,NULL),(64,NULL,93,NULL),(64,NULL,96,NULL),(64,NULL,99,NULL),(64,NULL,101,NULL),(66,NULL,24,NULL),(69,NULL,24,NULL),(72,NULL,24,NULL),(75,NULL,24,NULL),(78,NULL,24,NULL),(81,NULL,24,NULL),(84,NULL,24,NULL),(87,NULL,24,NULL),(90,NULL,24,NULL),(93,NULL,24,NULL),(96,NULL,24,NULL),(99,NULL,24,NULL),(102,NULL,24,NULL),(105,NULL,24,NULL),(108,NULL,24,NULL),(111,NULL,24,NULL),(114,NULL,24,NULL),(117,NULL,24,NULL),(120,NULL,24,NULL),(123,NULL,24,NULL),(126,NULL,24,NULL),(129,NULL,24,NULL),(132,NULL,24,NULL),(135,NULL,24,NULL),(138,NULL,24,NULL),(141,NULL,24,NULL),(144,NULL,24,NULL),(147,NULL,24,NULL),(150,NULL,24,NULL),(153,NULL,24,NULL),(156,NULL,24,NULL),(159,NULL,24,NULL),(162,NULL,24,NULL),(165,NULL,24,NULL),(168,NULL,24,NULL),(171,NULL,24,NULL),(174,NULL,24,NULL),(177,NULL,24,NULL),(180,NULL,24,NULL),(183,NULL,24,NULL),(186,NULL,24,NULL),(189,NULL,24,NULL),(192,NULL,24,NULL),(195,NULL,24,NULL),(198,NULL,24,NULL),(201,NULL,24,NULL),(204,NULL,24,NULL),(207,NULL,24,NULL),(210,NULL,24,NULL),(213,NULL,24,NULL),(216,NULL,24,NULL),(219,NULL,24,NULL),(222,NULL,24,NULL),(225,NULL,24,NULL),(228,NULL,24,NULL),(231,NULL,24,NULL),(234,NULL,24,NULL),(237,NULL,24,NULL),(240,NULL,24,NULL),(243,NULL,24,NULL),(246,NULL,24,NULL),(249,NULL,24,NULL),(252,NULL,24,NULL),(255,NULL,24,NULL),(258,NULL,24,NULL),(261,NULL,24,NULL),(264,NULL,24,NULL),(267,NULL,24,NULL),(270,NULL,24,NULL),(273,NULL,24,NULL),(276,NULL,24,NULL),(279,NULL,24,NULL),(282,NULL,24,NULL),(285,NULL,24,NULL),(288,NULL,24,NULL),(291,NULL,24,NULL),(294,NULL,24,NULL),(297,NULL,24,NULL),(300,NULL,24,NULL),(303,NULL,24,NULL),(306,NULL,24,NULL),(309,NULL,24,NULL),(312,NULL,24,NULL),(315,NULL,24,NULL),(318,NULL,24,NULL),(321,NULL,24,NULL),(324,NULL,24,NULL),(327,NULL,24,NULL),(330,NULL,24,NULL),(333,NULL,24,NULL),(336,NULL,24,NULL),(339,NULL,24,NULL),(342,NULL,24,NULL),(345,NULL,24,NULL),(348,NULL,24,NULL),(351,NULL,24,NULL),(354,NULL,24,NULL),(357,NULL,24,NULL),(360,NULL,24,NULL),(363,NULL,24,NULL),(366,NULL,24,NULL),(369,NULL,24,NULL),(372,NULL,24,NULL),(375,NULL,24,NULL),(378,NULL,24,NULL),(381,NULL,24,NULL),(384,NULL,24,NULL),(387,NULL,24,NULL),(390,NULL,24,NULL),(393,NULL,24,NULL),(396,NULL,24,NULL),(399,NULL,24,NULL),(402,NULL,24,NULL),(405,NULL,24,NULL),(408,NULL,24,NULL),(411,NULL,24,NULL),(414,NULL,24,NULL),(417,NULL,24,NULL),(420,NULL,24,NULL),(423,NULL,24,NULL),(426,NULL,24,NULL),(429,NULL,24,NULL),(432,NULL,24,NULL),(435,NULL,24,NULL),(438,NULL,24,NULL),(441,NULL,24,NULL),(444,NULL,24,NULL),(447,NULL,24,NULL),(450,NULL,24,NULL),(453,NULL,24,NULL),(456,NULL,24,NULL),(459,NULL,24,NULL),(462,NULL,24,NULL),(465,NULL,24,NULL),(468,NULL,24,NULL),(471,NULL,24,NULL),(474,NULL,24,NULL),(477,NULL,24,NULL),(480,NULL,24,NULL),(483,NULL,24,NULL),(486,NULL,24,NULL),(489,NULL,24,NULL),(492,NULL,24,NULL),(494,NULL,24,NULL),(495,NULL,24,NULL),(497,NULL,24,NULL),(498,NULL,24,NULL),(501,NULL,24,NULL),(503,NULL,24,NULL),(504,NULL,24,NULL),(506,NULL,24,NULL),(507,NULL,24,NULL),(510,NULL,24,NULL),(512,NULL,24,NULL),(515,NULL,24,NULL),(516,NULL,24,NULL),(519,NULL,24,NULL),(522,NULL,24,NULL),(524,NULL,24,NULL),(527,NULL,24,NULL),(528,NULL,24,NULL),(530,NULL,24,NULL),(531,NULL,24,NULL),(533,NULL,24,NULL),(536,NULL,24,NULL),(537,NULL,24,NULL),(539,NULL,24,NULL),(540,NULL,24,NULL),(542,NULL,22,NULL),(542,NULL,81,NULL),(542,NULL,84,NULL),(542,NULL,87,NULL),(542,NULL,90,NULL),(542,NULL,93,NULL),(542,NULL,96,NULL),(542,NULL,99,NULL),(542,NULL,101,NULL),(543,NULL,22,NULL),(543,NULL,84,NULL),(543,NULL,87,NULL),(543,NULL,90,NULL),(543,NULL,93,NULL),(543,NULL,96,NULL),(543,NULL,99,NULL),(543,NULL,101,NULL),(545,NULL,1,NULL),(545,NULL,2,NULL),(545,NULL,3,NULL),(545,NULL,4,NULL),(545,NULL,5,NULL),(545,NULL,6,NULL),(545,NULL,7,NULL),(545,NULL,8,NULL),(545,NULL,9,NULL),(545,NULL,10,NULL),(545,NULL,11,NULL),(545,NULL,14,NULL),(545,NULL,17,NULL),(545,NULL,20,NULL),(545,NULL,22,NULL),(545,NULL,24,NULL),(545,NULL,27,NULL),(545,NULL,30,NULL),(545,NULL,33,NULL),(545,NULL,36,NULL),(545,NULL,39,NULL),(545,NULL,42,NULL),(545,NULL,45,NULL),(545,NULL,48,NULL),(545,NULL,51,NULL),(545,NULL,53,NULL),(545,NULL,56,NULL),(545,NULL,59,NULL),(545,NULL,62,NULL),(545,NULL,65,NULL),(545,NULL,68,NULL),(545,NULL,71,NULL),(545,NULL,72,NULL),(545,NULL,75,NULL),(545,NULL,78,NULL),(545,NULL,81,NULL),(545,NULL,84,NULL),(545,NULL,87,NULL),(545,NULL,90,NULL),(545,NULL,93,NULL),(545,NULL,96,NULL),(545,NULL,98,NULL),(545,NULL,99,NULL),(545,NULL,101,NULL);

UNLOCK TABLES;

/*Table structure for table `UserTerms` */

DROP TABLE IF EXISTS `UserTerms`;

CREATE TABLE `UserTerms` (
  `UserId` int(11) NOT NULL,
  `UserGuid` varchar(128) DEFAULT NULL,
  `TermId` int(11) NOT NULL,
  `IsAccess` tinyint(1) NOT NULL,
  PRIMARY KEY (`UserId`,`TermId`)
) ENGINE=InnoDB DEFAULT CHARSET=utf8;

/*Data for the table `UserTerms` */

LOCK TABLES `UserTerms` WRITE;

insert  into `UserTerms`(`UserId`,`UserGuid`,`TermId`,`IsAccess`) values (7,'c7af69e4-5e56-4332-a65c-28630871fcbe',1,1),(7,'c7af69e4-5e56-4332-a65c-28630871fcbe',13,1),(7,'c7af69e4-5e56-4332-a65c-28630871fcbe',16,1),(7,'c7af69e4-5e56-4332-a65c-28630871fcbe',19,1),(7,'c7af69e4-5e56-4332-a65c-28630871fcbe',20,1),(7,'c7af69e4-5e56-4332-a65c-28630871fcbe',23,1),(7,'c7af69e4-5e56-4332-a65c-28630871fcbe',26,1),(7,'c7af69e4-5e56-4332-a65c-28630871fcbe',29,1),(7,'c7af69e4-5e56-4332-a65c-28630871fcbe',32,1),(7,'c7af69e4-5e56-4332-a65c-28630871fcbe',39,1),(7,NULL,41,1),(7,NULL,44,1),(7,NULL,47,1),(7,NULL,50,1);

UNLOCK TABLES;

/*Table structure for table `Users` */

DROP TABLE IF EXISTS `Users`;

CREATE TABLE `Users` (
  `Id` int(11) NOT NULL AUTO_INCREMENT,
  `Guid` varchar(128) DEFAULT NULL,
  `Email` varchar(256) DEFAULT NULL,
  `EmailConfirmed` tinyint(1) NOT NULL,
  `PasswordHash` longtext,
  `SecurityStamp` longtext,
  `PhoneNumber` longtext,
  `PhoneNumberConfirmed` tinyint(1) NOT NULL,
  `TwoFactorEnabled` tinyint(1) NOT NULL,
  `LockoutEndDateUtc` datetime DEFAULT NULL,
  `LockoutEnabled` tinyint(1) NOT NULL,
  `AccessFailedCount` int(11) NOT NULL,
  `UserName` varchar(256) NOT NULL,
  PRIMARY KEY (`Id`)
) ENGINE=InnoDB AUTO_INCREMENT=576 DEFAULT CHARSET=utf8;

/*Data for the table `Users` */

LOCK TABLES `Users` WRITE;

insert  into `Users`(`Id`,`Guid`,`Email`,`EmailConfirmed`,`PasswordHash`,`SecurityStamp`,`PhoneNumber`,`PhoneNumberConfirmed`,`TwoFactorEnabled`,`LockoutEndDateUtc`,`LockoutEnabled`,`AccessFailedCount`,`UserName`) values (4,'66197444-e464-488e-b2ae-2c7ff37c4632','thangnb@gmail.com',0,'AC00lloXaG1oBJZMLpiap/YI12GOaGIToYD8wyTiv8sQbLt3srrm0jM77B0f5FHjVQ==','6827faa5-010b-49c4-a1d7-2dc8503ab30f','090',0,0,'2015-04-03 18:50:28',0,0,'thangnb'),(7,'c7af69e4-5e56-4332-a65c-28630871fcbe','duongdq@gmail.com',0,'APFMKUsDIClkUrWKloaDPDuUgTUPU3BGoKJs431kfYRHh2+1elAvgTlgVuDBjm/Mcg==','12f116cd-15fd-4cf6-a21e-b30dca056fb6','0989923368',0,0,'2015-03-30 16:57:47',0,0,'duongdq'),(48,NULL,'mobileuser@test.com',0,'AMjmWurWi6nJApUigaJCd/1Re5UxOM8eR4HrRrvFvrSZM9t7GhnarN0Lz+T7CUAWKg==','e5e0e49c-5901-462a-821c-4119e5eabf48','09999999999',0,0,'2015-05-26 10:12:43',0,0,'hno001'),(50,NULL,'gate@test.user.com',0,'ANZl8YSxaK4EwSIy2hpCU8ipit4XtswmBuZARb4YS1bb++QuA90FHNuN29kTcNrnbQ==','8f328e18-6f9e-4e69-ae86-6494395c4481','090',0,0,'2015-06-05 14:02:22',0,0,'gate_test_user'),(52,NULL,'quan@abc.com',0,'ANQZsGavCWer0jtnkkc9ctDBcekZ/olIDtr+iugGCtwdi40T+n+UHtpRCd12qpCb8Q==','c7ef1a65-b5c0-46c1-8b04-c12d45e2a70b',NULL,0,0,'2015-07-23 13:03:58',0,0,'quan'),(56,NULL,'sactm@fpt.com.vn',0,'AIrStjoDyP4rpaOpUqFKxKVeQDQr6CgdD88OOOuNEvfxDH2mM8F8xwhFy0SWgfS2Iw==','2f319c76-f49b-4a24-a2af-f19e1b4e7c5d',NULL,0,0,'2015-08-04 13:26:10',0,0,'sactm'),(58,NULL,'support@fpt.com.vn',0,'AAGeGzKyeHTWkjSFaR0+ZzskzxAX1EapTWUy7V3WZ952IUzYE71icAm0WJESvNvMPg==','22fce28d-5650-4e86-8bde-fefd08ab6802','234234234',0,0,'2015-08-10 13:52:13',0,0,'support'),(60,NULL,'hno002@gmail.com',0,'AK7tVn+fH/ilFpOZTdRNnLVHcxc/+3T8gjka1oDwTr1+eWYEcfOVi9COGETubs3J9g==','7b4f12d7-4099-4134-8e00-b3c2b3cc9943',NULL,0,0,'2015-08-11 13:46:04',0,0,'hno002'),(63,NULL,'invoice.vnpt.user@gmail.com',0,'AAmaxZl8n6KS6WT/BIbJEzuIaWOtt0SG3ksR4LGpm4puJSl+9RfGmQjD5EB+u6FkvA==','da83207f-84c5-4c46-8da8-579311624754',NULL,0,0,'2015-08-14 15:07:26',0,0,'invoice_vnpt_usr'),(64,NULL,'apidoc.vnticketonline@gmail.com',0,'AK56AfxgLvKbEJzRMM2t++tdizR5rH3SbchRf0cwiU7McFLdk6Zm6CUfctHVSshIbw==','7f6fca8d-4573-4b72-b4de-6d585b5e5b7e',NULL,0,0,'2015-08-15 15:26:38',0,0,'apidoc'),(66,NULL,'hungtv@dsvn.vn',0,'AA4ZTfqn3447hOlOJQFaXrHIo2qQBvDD2rz43MJsqX1nOXbRv5t02dC+YLMwNjDUHg==','80769547-2856-4edb-b934-2e4ed450f074',NULL,0,0,'2015-08-19 14:24:15',0,0,'hungtv'),(69,NULL,'thaohn@dsvn.vn',0,'APcorPkubsQzlmWPMzNC/MFCLkL+stFvMbbJvQmsKpgQXB3Ls9wq9ruJRX/HpnkZeg==','787965a7-4c65-494d-8cdc-78081bf02409',NULL,0,0,'2015-08-19 14:24:17',0,0,'thaohn'),(72,NULL,'quyentd@dsvn.vn',0,'AHVF1iYP6GM8HdyZH78zecCVydsUyFyorOd/naqgIFUInuAhUGZHlivNANLnnFok4Q==','5c195b40-3ad1-4cf7-ad85-fddac2ad4bab',NULL,0,0,'2015-08-19 14:24:19',0,0,'quyentd'),(75,NULL,'khanhpq@dsvn.vn',0,'AKhYFrekqz/CkQ/yT5xu5LcpAIdXzSY2b9QrOYLDc9fY/kglivvYBkXq/HGD2aFV0g==','0835ba0b-f762-42fd-aec7-04ff99b91437',NULL,0,0,'2015-08-19 14:24:20',0,0,'khanhpq'),(78,NULL,'quangnm@dsvn.vn',0,'AAJpjN+afy9hM0qx5ibEOewfmf2Z0KA3pCXMvSq8ADMidd1qnnm0OT7vh+prlwHy8Q==','3972cc66-0269-4b28-84fa-18061f6e21d6',NULL,0,0,'2015-08-19 14:24:22',0,0,'quangnm'),(81,NULL,'vinhmx@dsvn.vn',0,'AA/A8M4EHQbYivI/m6JQRZH4xHdLe9tU8OcsIE/nIWt3KNYIwJWC2m4hLwIkDEVulQ==','8dcadffd-6b29-4ce8-96a0-c727769f1aa9',NULL,0,0,'2015-08-19 14:24:23',0,0,'vinhmx'),(84,NULL,'nhanpd@dsvn.vn',0,'AOrsI7RtODNNXjZ61WhNPLWRmLJCgHrlBfW34i3rwqhnwm3sfjhesE+2XrCEgB3qPg==','8245d997-a3a2-4e55-9d9d-e23e9bcaf5e2',NULL,0,0,'2015-08-19 14:24:25',0,0,'nhanpd'),(87,NULL,'tamntm@dsvn.vn',0,'AJW9m0cJvzpCaVWnVtcQepE/mjBgZbvVhDRjBqFRTuHzrbhb5+G3MoNCCoWiWWb05w==','8ecaacfc-9418-40b2-8d8c-bb0771082cd4',NULL,0,0,'2015-08-19 14:24:26',0,0,'tamntm'),(90,NULL,'tichhc@dsvn.vn',0,'AAvDnQRq3VZ4uIIEtJ08N0/6W0mklL+mscgoqN33f7O0QbeMIjqiRIn0YB/RkYyTjA==','2cedb04b-170b-42a1-b5c0-6e50027c7abc',NULL,0,0,'2015-08-19 14:24:28',0,0,'tichhc'),(93,NULL,'sonnn@dsvn.vn',0,'APzW8f9nsekaUHvE2J5SI+jcR+oq3ezJmc9dLswIEO0DnAMHbA9lCAP08drKkqLkyw==','0c42794f-b5de-4329-955a-cff207316326',NULL,0,0,'2015-08-19 14:24:30',0,0,'sonnn'),(96,NULL,'chuongt@dsvn.vn',0,'APU5JYDJMxR3NJ5LQ4rqCK9EZJm6yW7W1axZx3oqKLNKJQN2YKnflo9wjFRMU9xYYg==','6a709ced-5bb1-466b-946f-85b1e6c31372',NULL,0,0,'2015-08-19 14:24:31',0,0,'chuongt'),(99,NULL,'vund@dsvn.vn',0,'ADnzE4ii96KNOeePUod3G3gtr6oEBg3T483RuvGvTvDL+UiharDdCNsT+P/YxNHShw==','1cb5ca2b-980e-4370-b6f0-0fa0f38c14f9',NULL,0,0,'2015-08-19 14:24:33',0,0,'vund'),(102,NULL,'cuongmh@dsvn.vn',0,'ANWtk4okfFmAfY7PS/YBKiUZtNVGlkrIXuirj6lHa6CrG8Ka6stehpTX02za0wKuVQ==','fa49017e-986e-4874-9561-4e9dba5de84b',NULL,0,0,'2015-08-19 14:24:34',0,0,'cuongmh'),(105,NULL,'minhn@dsvn.vn',0,'AM/1MBELybJNTM24cZQk+7S6XUi9UPqJC3t0xw/KSlwNesOu640jyiTC6xlgqyavkA==','33a74064-82df-4bad-acb8-4620cfc7635c',NULL,0,0,'2015-08-19 14:24:36',0,0,'minhn'),(108,NULL,'thuanltm@dsvn.vn',0,'AJDgoxMQMgglbgg7m4DA6PQwzdUbR9gLi2586K9Zwauoi2Gfy1dvmpOdSElSLQpeTA==','98c6754d-9020-47c4-a873-f303edd51f2d',NULL,0,0,'2015-08-19 14:24:37',0,0,'thuanltm'),(111,NULL,'trongnq@dsvn.vn',0,'AAmvLIO1FVh03cONLcO3vAu0W/5MOG/QfV0ahBJ1O9FARRJwb03HpuofWjmNmP8T5A==','b54ac076-4f3f-410a-9bf1-1b2038bcd5b9',NULL,0,0,'2015-08-19 14:24:39',0,0,'trongnq'),(114,NULL,'thilv@dsvn.vn',0,'AI0BOu41ji58tF50xl3+fqccdxmZVCdTkkycPeUES8+eo7fpk+vie/X/bxMv6Bwp2g==','228df694-3c61-4d6b-8063-008d90791ab5',NULL,0,0,'2015-08-19 14:24:40',0,0,'thilv'),(117,NULL,'tienlm@dsvn.vn',0,'ALAKyVJwgQCg8sUaeUK40O5Yy7sYzI00f4Q+S5bPZHbgIa9KseplzoYvYz+kQd42Sw==','cdc1e2a2-fafb-4096-96d2-6327bfc0b869',NULL,0,0,'2015-08-19 14:24:42',0,0,'tienlm'),(120,NULL,'sonvm@dsvn.vn',0,'AB1friCAmN8ig7dJueDtvGlMSOTzRQiqJ+DmNV4tqyKm8A1LJ9Vh7LNISXgPVYl60g==','06f9156f-b11b-4b09-97a8-4d25a0497670',NULL,0,0,'2015-08-19 14:24:44',0,0,'sonvm'),(123,NULL,'khanhnq@dsvn.vn',0,'AC7WAkmdlWeqfiCfgrDU5oG9f4rzx4ip5pnufOVGrHqrGcGEzoRx4Ur264s6T25dvg==','c9fb4329-be50-4d5b-a904-d0817b917507',NULL,0,0,'2015-08-19 14:24:45',0,0,'khanhnq'),(126,NULL,'tuanpa@dsvn.vn',0,'AHzcyUB21F9D2zWVh8Fde0MuRGxU+fbQHPeYF0ljbgjOPbt5wzZQhu9H2w36LQFACQ==','a9599d03-71aa-419f-ab6b-b7343b7fbc7d',NULL,0,0,'2015-08-19 14:24:47',0,0,'tuanpa'),(129,NULL,'congnt@dsvn.vn',0,'APBk1z5ohGTZeyLafwJ5wgeO5IUsNpR6xSzw4OWvCVGhD39nHYTc4eeTRigv75chLQ==','6df4d000-375e-4dba-a7e3-68b97325fc73',NULL,0,0,'2015-08-19 14:24:48',0,0,'congnt'),(132,NULL,'hunglq@dsvn.vn',0,'AI6Ut1m+zrjrsyDPQ23wJssHNA1nLKag1Z29GhyXeidggu4zXKXvWAyOYgw24wFw1g==','780f2ecd-ba8a-495e-8917-4bca94420cfa',NULL,0,0,'2015-08-19 14:24:50',0,0,'hunglq'),(135,NULL,'loanltk@dsvn.vn',0,'AGpuOLpsdgbRiDey5bZyuKdv8WtE3gGPguRc2SvTZTHcF4WELTnyZ09v8UTSFWKb1Q==','d14b0240-50d8-42d8-b1ba-02779b3977aa',NULL,0,0,'2015-08-19 14:24:51',0,0,'loanltk'),(138,NULL,'taonn@dsvn.vn',0,'APFKjWC62YNoNTn6jK8SlrXXtxfM1QHcezMCi0G37FblqBAtIGLERapYVJJTXQe7Dw==','6ce04929-fbc8-4719-8e83-443a3b290a41',NULL,0,0,'2015-08-19 14:27:37',0,0,'taonn'),(141,NULL,'ngocnv@dsvn.vn',0,'ANMEsE2o/r5ZZur1s0ZM1N/R9EDC/pAy/jjGTkpvDEHCZqp78n5CkhoypwCYWoKEAQ==','1b58a9ce-69fd-465a-9582-f000119d6302',NULL,0,0,'2015-08-19 14:27:38',0,0,'ngocnv'),(144,NULL,'dungtd@dsvn.vn',0,'AJMTe0BayYoKnXzO1EoUa8ptkPj/ywpvsfUsbTlluPAg9CW8UqJwspq12PrwaK88vg==','16290b66-aa3d-4581-99a8-48a57afa15af',NULL,0,0,'2015-08-19 14:27:40',0,0,'dungtd'),(147,NULL,'ducnt@dsvn.vn',0,'AFN3SxHkPBo9TeRiILgPCA4mFVvUrCUxmjCx9IMBIvAEI7qSa9JlVG556jV9g1NtWA==','7ede09c3-778f-4c9e-b43d-2ffa424057ca',NULL,0,0,'2015-08-19 14:27:41',0,0,'ducnt'),(150,NULL,'giangpn@dsvn.vn',0,'AP5Dq7zTur3Syr2D8Hp6XE8ux5VwZ6tYKndx8NShuwMOH4U3prXl0EgiyPlLMRZOig==','368d845b-bdff-4f3f-9772-cfc199c5ea4b',NULL,0,0,'2015-08-19 14:27:43',0,0,'giangpn'),(153,NULL,'hoanghb@dsvn.vn',0,'APRB70981XacBkdL0VKGeo/D6g9JhcP/V+KaDVmGQUFFNiAA+RP9B5RCi+yn0RsaiA==','8f527c7c-3006-4d99-b2a5-46e0743d138c',NULL,0,0,'2015-08-19 14:27:45',0,0,'hoanghb'),(156,NULL,'thanhpd@dsvn.vn',0,'ACNRdMK91RCNX8JzwZRL7Y98K0dk9AhpsoWd/opC6gQR7w+E0CbGg9arxVObUYaDMw==','e6fc35a4-b339-473d-8f4e-068b6b5c461a',NULL,0,0,'2015-08-19 14:27:46',0,0,'thanhpd'),(159,NULL,'huypna@dsvn.vn',0,'AFbJ1p7dF3kmLIKJE8zoF99DlrvEW/UmkBgArka7MFvHGOhIdQDLTsNg2X5AU4r0ig==','55bc77c3-346d-4089-a239-e44f58eee9c1',NULL,0,0,'2015-08-19 14:27:48',0,0,'huypna'),(162,NULL,'quatdn@dsvn.vn',0,'AM2v1wQayvquSF/Rn2Fr2vjtqKfznDnz1V2TcSOku9ojJ5qnYjQ6++pHmYwkp8TroQ==','f31d51c5-9570-4bf6-8023-d4c2e67dbf60',NULL,0,0,'2015-08-19 14:27:49',0,0,'quatdn'),(165,NULL,'thieulq@dsvn.vn',0,'AFi6O09EvZOI/56nI8gKPc1clj30egT0GEq8knl5KcIkKfapNBr0VNud66SRxzTgxA==','2a26c5c9-6ff3-4730-9507-1e54e4a52616',NULL,0,0,'2015-08-19 14:27:51',0,0,'thieulq'),(168,NULL,'minhvt@dsvn.vn',0,'AAJI3KL/JQvjvhRF7SupBDkizBXFsAarCD1RosaM6CCcb8FsiZsIwssjSAPFHttDcQ==','74ed1280-48fc-4908-8abd-fa881c5f5d92',NULL,0,0,'2015-08-19 14:27:52',0,0,'minhvt'),(171,NULL,'vupt@dsvn.vn',0,'AH64jKWZApKRQry0MocVw//40O/UYqcIPUdtgv8+9xMNZznB+rGKKTPyI9VDZ8IR4A==','9bf58570-e17a-4da0-81a0-406940d561a0',NULL,0,0,'2015-08-19 14:27:54',0,0,'vupt'),(174,NULL,'sondq@dsvn.vn',0,'AEiq0NfZJauMtxZlDpb6wO1iWY+7RmKlwm9YkEt62ix8kZ9nuh9sJ+wdLTqzjrBLNQ==','cd22d4bd-9db6-4727-b63f-ed14c0328bf5',NULL,0,0,'2015-08-19 14:27:56',0,0,'sondq'),(177,NULL,'thongpd@dsvn.vn',0,'ANokLAsEo1tJWuftHEKFMY9GzjVLLbu060ZxVmkb2Ho1aqTwb6OsiG5SrFGsh2QGmw==','e2c44e2c-4a35-407e-821b-8f359171e995',NULL,0,0,'2015-08-19 14:27:57',0,0,'thongpd'),(180,NULL,'ducht@dsvn.vn',0,'AI6sIlgVTFVd7jeojFu2Tt3MesV6HcTZprAKmHkz24trEgf6ndUEBbUnHWV62H9G1A==','9f583a8a-4a93-451a-bd65-f91533609189',NULL,0,0,'2015-08-19 14:27:59',0,0,'ducht'),(183,NULL,'cuongtv@dsvn.vn',0,'AD2n+9lM5oXzKUSElU3nADBk2X9wlK5Sdef0G/b1MSeILOxnHYbQNWFQybH8uhCx7w==','c1d34955-2235-42e9-ac64-0334f87bd6f7',NULL,0,0,'2015-08-19 14:28:00',0,0,'cuongtv'),(186,NULL,'hungnt@dsvn.vn',0,'AOBjc7KZYOJql5HlDPU13iBAhYCIwcAFurXNI7jABP2h859anwIHqAC0nEZLSBIQkQ==','a24c2ec1-87f3-4bd8-a614-292a766c70a7',NULL,0,0,'2015-08-19 14:28:02',0,0,'hungnt'),(189,NULL,'ngoctt@dsvn.vn',0,'ABRt/pNryRDiSGVjCWMQnxRan0plGfnzkn5g5pmHwxuDLKjYqY94B2iuCsydwAwHeA==','ee95b05d-21bd-4ac4-86ad-7b49251b7000',NULL,0,0,'2015-08-19 14:28:03',0,0,'ngoctt'),(192,NULL,'hoangnv@dsvn.vn',0,'AHIdUw4haDz+/GYVWhZRTx+CKwiRZDIhQxLPvuKBLYW+M1J0DQoh3xaafqRdK5t7Eg==','5e02a0f2-b4a8-463f-925d-4c54151c6946',NULL,0,0,'2015-08-19 14:28:05',0,0,'hoangnv'),(195,NULL,'duyenlt@dsvn.vn',0,'AKOlB04imMyB7+TmFp+Ngxy7s2Bnh8aNJHH4W9Y66OkJnCm7qXV8PIjD4lZJ48VIIA==','a2abb9f1-10bc-447e-a1a8-4b07959dd624',NULL,0,0,'2015-08-19 14:28:06',0,0,'duyenlt'),(198,NULL,'diemnh@dsvn.vn',0,'AEt8/0O4SCzEz3kgCpcSxOIgU90HthELgjNADwIh+QcECvRS+JwnRqe/+cbv510v5Q==','05fe8696-aac5-4e43-9430-5e00172ff37f',NULL,0,0,'2015-08-19 14:28:08',0,0,'diemnh'),(201,NULL,'sinhnh@dsvn.vn',0,'AJMedDsH6txRrUnwpbbY3KOAr8FhmbGcDv3Xo5iSnMQb2urOQZotuK7I8+kjy0ZC6A==','2bac31ff-4195-4330-866a-a127d6cb5db0',NULL,0,0,'2015-08-19 14:28:10',0,0,'sinhnh'),(204,NULL,'lualt@dsvn.vn',0,'AIAT38uU/hSXD+UkJjBHWO1HQeOWESv/tMYTeGqP5yPRY7TdeasVg/R++MAZ8bfiRw==','49c7697d-23c8-4ea0-886a-0f496f161f37',NULL,0,0,'2015-08-19 14:28:11',0,0,'lualt'),(207,NULL,'anntt@dsvn.vn',0,'ALe5FTuni0GwGyHV+/qviQFVnFU30YVu3QPpr8WnqGKiJ4H2LR2BmiLADKDDrbJwRw==','27fa6774-f37e-43e1-a0d4-a9a8a2d240a5',NULL,0,0,'2015-08-19 14:28:13',0,0,'anntt'),(210,NULL,'tuannn@dsvn.vn',0,'AAtTCY7BccjsyMsNb1qhEQG5YsFnnHR8q8l1/0/zYC/5HBOnD/5J+ykzO/hpd9bxkg==','7181cf04-8480-4435-a0b8-1f38d5969385',NULL,0,0,'2015-08-19 14:28:14',0,0,'tuannn'),(213,NULL,'trungnc@dsvn.vn',0,'AJPcIObKBPNAzESvgvTqV1r1PONbMrhDRhlqbHnshORH9V5zTEL/o2HijNeRrQZvGA==','7578bc4a-62fc-455d-9898-e374f4599ec1',NULL,0,0,'2015-08-19 14:28:16',0,0,'trungnc'),(216,NULL,'thaihs@dsvn.vn',0,'AHyg1EGAdAaDRG4LcoEBNHeS+AHgN1P/LsTF5UXJe+EQ1Y1D9yJk98w20QlIGFJrqA==','e042cc85-984f-4406-acb7-0272c293576c',NULL,0,0,'2015-08-19 14:28:17',0,0,'thaihs'),(219,NULL,'tinhpt@dsvn.vn',0,'AL2zNkanrZhukuMW9p1RoAT4f9aG5HeB2dckxI+ksbAUEAXSjfsrrWFREqqYCxFzGQ==','a158fe74-35ec-44f1-9ca2-21d59b7f5d1a',NULL,0,0,'2015-08-19 14:28:19',0,0,'tinhpt'),(222,NULL,'hoapt@dsvn.vn',0,'AERr6DjChxJ6/jv4d5kXx5yQz6OC8L0vl0/MiXkBJetwNltnJCk56WDzkDA5KJ8+cA==','b6350c57-d8cf-443f-90d6-c1484f8ca9a4',NULL,0,0,'2015-08-19 14:28:20',0,0,'hoapt'),(225,NULL,'thangtv@dsvn.vn',0,'AP8Ra8t00BEYpzDTGOgEj9iYtmiEjtYnYmpW3xCXE1OEhI+PDGg7i3lPp+IjDSmhuw==','8232a36a-1430-4042-a764-1315b9339da1',NULL,0,0,'2015-08-19 14:28:22',0,0,'thangtv'),(228,NULL,'longnv@dsvn.vn',0,'ACtk4IT9LXVgesftVyoejLCwLEm+HUYhBlLOAd6AuzO8q7vLH7chEb402l3m/czyvw==','d4c99b81-a099-48b2-9ba4-47b6b62559d1',NULL,0,0,'2015-08-19 14:28:24',0,0,'longnv'),(231,NULL,'tuyendv@dsvn.vn',0,'AFpNXi0k1PImQZOSH3a41v8vftyFeGAzVTBhPm7JRzHrOAvGbTx0mYN0acUbG6L9ag==','e63c8ff6-814a-4ed1-ab61-fdb2f1ad0e82',NULL,0,0,'2015-08-19 14:28:25',0,0,'tuyendv'),(234,NULL,'ninhnt@dsvn.vn',0,'AJBgOeWSDRrvPWBRHHpNf/VwLr5tCTAG6+i3Dd/5recPGr9rUiNZwjCk6D5PXUL3TA==','2b304ec2-d57e-4336-996e-0dfcc8193fd0',NULL,0,0,'2015-08-19 14:28:27',0,0,'ninhnt'),(237,NULL,'thuynx@dsvn.vn',0,'AKMDNoJKr5XmNEX9B1fBc/vnWYWQm/XhIeM8unforJMrkNfTGBBbG8N76sRWyxKJmA==','de155571-12c0-466a-b4ed-f25615e78803',NULL,0,0,'2015-08-19 14:28:28',0,0,'thuynx'),(240,NULL,'thuyvt@dsvn.vn',0,'AEXYcU6XaVGKB3XQgbQq9BFb7ADUt08Zd8EBzyF1YbtDfC2gOMZVU+q/11GMkKYO9Q==','0a0ffc36-0039-4165-832f-3efc5ef8455a',NULL,0,0,'2015-08-19 14:28:30',0,0,'thuyvt'),(243,NULL,'tuandv@dsvn.vn',0,'AG2RAa+XUd4VGITlDOb0rHy6BaWOxzNNgc2RsKm3M27sX7ixgz0wrUL5vGjd0Z3FMw==','77a80f88-6239-4d1a-a69b-c77fafbc7d60',NULL,0,0,'2015-08-19 14:28:31',0,0,'tuandv'),(246,NULL,'manhnt@dsvn.vn',0,'APqk6L8wAM4hQCqN62ECZZYQWGY0nRZYtUlOXqHlcw7pR3u67Rd44OSmBpykFg7/NQ==','5bc521d9-a0ca-4f3e-9f3b-a0e3aa2648aa',NULL,0,0,'2015-08-19 14:28:33',0,0,'manhnt'),(249,NULL,'xuanvt@dsvn.vn',0,'AMDhqT+a14l98/gtPVqFfHmVuHS7ek/F3rJtSUhl5OSYfPCcIBMzHaMdXLmyPLVdww==','2fe9973e-5069-4d03-a12e-e76f417fd242',NULL,0,0,'2015-08-19 14:28:34',0,0,'xuanvt'),(252,NULL,'quanglp@dsvn.vn',0,'AKbCkO6ti1SC7eg+M+Ys9U0of33Kk52E9Axy6f7on2sPd7EiUyRLXBqmqJ+VtQvYZw==','37e066ff-6bbb-4da4-9d6e-42c234000663',NULL,0,0,'2015-08-19 14:28:36',0,0,'quanglp'),(255,NULL,'tindm@dsvn.vn',0,'ABaHMwJZTZQSt8hrR81ELsSgP2tnCDB/pp04mI0m2VJUSyjG0i8bKOZoMw9jT01NKg==','c9f0b8e3-eb78-4da1-9c6c-f8c435dfbd70',NULL,0,0,'2015-08-19 14:28:38',0,0,'tindm'),(258,NULL,'minhlh@dsvn.vn',0,'AFoIi4l9a5ASeHORv4iIG993QfPq4BcYW6WIz7832i8id/Y2PW6S7w/KGODPphXr/w==','fc5efe5d-adaf-44fc-8c65-f24bbdf910f4',NULL,0,0,'2015-08-19 14:28:39',0,0,'minhlh'),(261,NULL,'thuydth@dsvn.vn',0,'ANMhRynS/8DKra2DDV+rBUhybJwVugADRN5RMORQP3ZYIX7IRoPwRFuvQoCqc9oZiQ==','5fecfa6c-af34-445f-98f4-19c80e9d34a3',NULL,0,0,'2015-08-19 14:28:41',0,0,'thuydth'),(264,NULL,'tamtq@dsvn.vn',0,'APFlQiuP+Usih9zwOPCkQKtTOcvyAH1RWYBSsgGnkBdhhos0ik7VhEqK3Xna6uir2A==','0b9322b6-8cf3-45af-ac62-ca421469276f',NULL,0,0,'2015-08-19 14:28:42',0,0,'tamtq'),(267,NULL,'toantt@dsvn.vn',0,'AEsg40rPMyIj0JZFcR1UEk8YJ3iGJ0yqXo0hw6+/2TOAbYdSRtVU0JlEZZRsx+mzKg==','94534deb-ff85-464e-aac9-3d8c9d5529f2',NULL,0,0,'2015-08-19 14:28:44',0,0,'toantt'),(270,NULL,'tamtk@dsvn.vn',0,'AOS9qtEirkMYEBvI9ZXjjXsTlgy6dDWu5y3z77Cgsiuoy9nmQmFUNBvB4OjXeHDxNQ==','c7bd8029-34a3-47b5-8417-e33c3c07bc0b',NULL,0,0,'2015-08-19 14:28:45',0,0,'tamtk'),(273,NULL,'minhdd@dsvn.vn',0,'AMNZo+MIvtp2fa+wdFtff+uxj14rQPuGWJf/Lfp11Kikq7W6TnEfx14TJQ+2DMLH+g==','5c465e9f-0013-44ba-9fce-c2a57b8bd41f',NULL,0,0,'2015-08-19 14:28:47',0,0,'minhdd'),(276,NULL,'bientv@dsvn.vn',0,'AL7o8vjzvbhE1+wqG2zt2fauVLyW8Yztsf/eG/mOvhtQuDzmg+gUKZmF2wLRzYV3oA==','17284d12-8fbd-451b-85d2-88ab50633e9f',NULL,0,0,'2015-08-19 14:28:48',0,0,'bientv'),(279,NULL,'thanglvh@dsvn.vn',0,'AJiEhEL7WRnaPtKWM9Ma1ywSI/HYfkYQaKBxQOr+OJnPT0QmOMSS+k+USob/+Y9nrQ==','fc472139-f08a-42b0-8eba-a9da1bb3c151',NULL,0,0,'2015-08-19 14:28:50',0,0,'thanglvh'),(282,NULL,'depnv@dsvn.vn',0,'AFPhR9zUN0uv9l+/3NFA7yaFUrWk6zf1PW/PmoY3ejOpI6ovOQNIuKhej0ECjVhddA==','f328b15c-b447-4f16-9704-6f693cc914ba',NULL,0,0,'2015-08-19 14:28:52',0,0,'depnv'),(285,NULL,'quynhdn@dsvn.vn',0,'ADVSfLKNizov9bObQQLcsIIHF5vz0qFMYxHSONnCndC/KNLljrumyWWHd2P8Qrzdug==','bed588c6-e7b8-4b7e-8b81-e9a624fa6101',NULL,0,0,'2015-08-19 14:28:53',0,0,'quynhdn'),(288,NULL,'tamnt@dsvn.vn',0,'AE3pGRzaXC0LGCl2ODDmRCs8NXyKa+t4L1SPHIwNu0bg+HOI7RKJOysQfVV12Am4Gw==','428bea06-c8fd-49f0-a9e9-ca3dad92cb60',NULL,0,0,'2015-08-19 14:28:55',0,0,'tamnt'),(291,NULL,'annl@dsvn.vn',0,'APUo2xNpPFlKzvkaItIt1W755i6zkcjO5jo6SAeXlqJqeGyeB32LXYx5+4SpcSlLqg==','7f75abad-3b5c-4d41-9833-425a1ae90334',NULL,0,0,'2015-08-19 14:28:56',0,0,'annl'),(294,NULL,'chault@dsvn.vn',0,'ABhg2u+54qXquuF2ragiXpfogEhlVPoB6JHxU6BsnfTtV2Iz3q283io7+LcOASNzUA==','5bb80b1a-bae4-49b7-81b1-cce593490483',NULL,0,0,'2015-08-19 14:28:58',0,0,'chault'),(297,NULL,'hoantq@dsvn.vn',0,'AFR01zyQ3qzCdH0bn/6KfPZgcg3Njmp1b2hNKHxstW3GwPYXwUIuPDd3q1ehvy6V8w==','8a89ff5a-74a5-4c6e-bc94-0e567532575a',NULL,0,0,'2015-08-19 14:28:59',0,0,'hoantq'),(300,NULL,'thinhnt@dsvn.vn',0,'ABXVzx/w42iao4PjoochGm+hLV+Z1hVxxXdodEdnZKPbeb4nSbehqIrn66PqLVbI9A==','3a7f6bd5-ee47-4459-ad58-ce9f5280ffa3',NULL,0,0,'2015-08-19 14:29:01',0,0,'thinhnt'),(303,NULL,'hopnh@dsvn.vn',0,'AFq5OnUlmQdMc5BQkrIe6kT6N1bThKA4FcGgJnQbdWKuqE0cigMMQ3aluCc3gn5aiQ==','6e75b434-1374-4029-a75f-dccdd100e190',NULL,0,0,'2015-08-19 14:29:02',0,0,'hopnh'),(306,NULL,'quangld@dsvn.vn',0,'AD247G+hdUJl15EhxkNz4a4Yw03KXmpVYbn8mcfs9689xvbHEGBpveILE0DT9QCxbw==','21e11e07-9ef8-423e-88e5-2830b50a92aa',NULL,0,0,'2015-08-19 14:29:04',0,0,'quangld'),(309,NULL,'hoangnq@dsvn.vn',0,'ALRtxhv1jMJ1RDSLt92Rn1m8zwWXCM1qwRea09NNKYLRCYpJG9/ftLIL+nl8irhNlg==','74eb7e09-7310-4538-baf0-b05c9d81a14f',NULL,0,0,'2015-08-19 14:29:06',0,0,'hoangnq'),(312,NULL,'loitv@dsvn.vn',0,'AKHScy+MdRVRxrbi/AWg/yI6iOpYC1JK4ObaOaAY4PxZnvEdYDH9MxmJgpahfjiX/Q==','45838d3c-7916-4f57-b462-a22e5f330cfe',NULL,0,0,'2015-08-19 14:29:07',0,0,'loitv'),(315,NULL,'hienhtm@dsvn.vn',0,'AKFWHK85clwHrKxUfR/erOaULZsHpr39MS+w7tK/cDTtFKnUa1069Qb2QImQmH9SUQ==','f50e4393-6c31-4d55-8b14-e81ea4c43e51',NULL,0,0,'2015-08-19 14:29:09',0,0,'hienhtm'),(318,NULL,'taint@dsvn.vn',0,'AJaJ+sRoazGgTJGN/azNzku6KraUwyJmKCfVw4fH5Cv6MdUT+qvbbl3PLz8Et/hCsw==','10c3e629-8733-4755-bbe8-b42e6a881a09',NULL,0,0,'2015-08-19 14:29:10',0,0,'taint'),(321,NULL,'chungpv@dsvn.vn',0,'AGgnLk/Y/73e2qAgj2zommjtFZ2u6VVbzkN1IlWwzUcc24BZ17thaVdgDZGZqeIbsw==','8383efd9-28f6-41e7-aa7d-55030074ace7',NULL,0,0,'2015-08-19 14:29:12',0,0,'chungpv'),(324,NULL,'hoanm@dsvn.vn',0,'AC2qdsYD46nRXoukfpu6fpiVfDmrBdj5Bpgv2t85Gl0dKiqyqQJD1ueYcJLmIA5szA==','cf47ebe2-8e7a-4165-91ec-0118b40b512e',NULL,0,0,'2015-08-19 14:29:13',0,0,'hoanm'),(327,NULL,'khaitd@dsvn.vn',0,'ABCUlci8oXDWjcE83M/ZdEbLGIdb98MWtuGkYmNKcnKtpsndzXLKOAKt5evNZQ6GsA==','7ab08fad-de91-45ee-beb2-3ff9fc521a2a',NULL,0,0,'2015-08-19 14:29:15',0,0,'khaitd'),(330,NULL,'luctq@dsvn.vn',0,'AHzmwyrS6US7NdUjFf7gjnLBNXjuCe3wXpLiQY2WFXP0lxerj8DgttHq0CJSlbdNkg==','6bffb442-3750-4de7-8bbb-e22542cee6a8',NULL,0,0,'2015-08-19 14:29:17',0,0,'luctq'),(333,NULL,'tuantm@dsvn.vn',0,'AO0KTvzASCUA1SHIbz9k0FvELoFaEhZ6q6xFJmF8HUSU6nFdbP9uNerx1g6JxvMnig==','1081f953-76b9-4f6c-8e6d-33ea38a2e0e3',NULL,0,0,'2015-08-19 14:29:18',0,0,'tuantm'),(336,NULL,'phuonglk@dsvn.vn',0,'AE9c85632urt/T1c7vWD9XLoaPF45hmKOFaXS/dmiUItRPd5cK9nLyUNTNZ1BRVl1Q==','e74aa623-fe97-414f-bd7c-cfa99ce0ea77',NULL,0,0,'2015-08-19 14:29:20',0,0,'phuonglk'),(339,NULL,'vynh@dsvn.vn',0,'APLvv1VFKhsRRMjF3MNQWxZkksu9V8aA7pm8E5N5MWbx+mtgLm1xdGxUWku0mOpwJQ==','4a1429a2-943e-4143-9d23-46a467a0947c',NULL,0,0,'2015-08-19 14:29:21',0,0,'vynh'),(342,NULL,'thanhhn@dsvn.vn',0,'AC24VXo70FO2TL2hytCQkDDfGPNcQg2oCuwgiFLRP2s82NgTbvQCgh6/l9nxn2C/Bw==','2c1a553d-3db3-4f4a-a596-d2cf3ac62f3d',NULL,0,0,'2015-08-19 14:29:23',0,0,'thanhhn'),(345,NULL,'hainb@dsvn.vn',0,'ACs4YZgaCauHEKFNA8LfkG9ueodOpUT6qxZfynywERVqrJIEVjtcenYlOJQqvjtZ5A==','f5555688-af56-4d58-a954-65d6203ada85',NULL,0,0,'2015-08-19 14:29:24',0,0,'hainb'),(348,NULL,'baynv@dsvn.vn',0,'AECebmhFCUfP5zsBWVhccbWRVHSpS+1bu6jfdclH4r+1x18u7itZ0VlGgKouJpgDMg==','9fd28c3c-7fda-448e-a0cf-23a55ccce4e2',NULL,0,0,'2015-08-19 14:29:26',0,0,'baynv'),(351,NULL,'cuongdk@dsvn.vn',0,'AI+xMKUgCowZhz9VsUkMdeLT1aGJj+4QCV4M52Hzu8v9+Z97aUxOduIxGMCitEbQ/w==','216cc014-5319-434a-b01e-1c3487f06175',NULL,0,0,'2015-08-19 14:29:28',0,0,'cuongdk'),(354,NULL,'hienvv@dsvn.vn',0,'AJj7GgZFNwLL4DxEZ3q4+DTqV/rNidW1kQ8fNzMRdeCJorrwn3zbGQbvH1YZtMn6Rg==','bc443978-c2db-439d-8f6c-90b5085e832d',NULL,0,0,'2015-08-19 14:29:29',0,0,'hienvv'),(357,NULL,'hungtq@dsvn.vn',0,'AOYBWo34WuTQvmbq3iGkmNJTSTDJvwTSqahwYtB4dg+zGUX2XRujHK26flaGNhQY7g==','d2431a95-cfd4-4309-8658-ded1a049cd77',NULL,0,0,'2015-08-19 14:29:31',0,0,'hungtq'),(360,NULL,'andx@dsvn.vn',0,'AA521mvg+wiwc7BMCMp9gVBgRiJk5GwdNH1vOJYKBy+xywvPqk2A8fS+8B1ekB1ptQ==','256c2267-de0a-431c-9994-fa919d42b9a4',NULL,0,0,'2015-08-19 14:29:32',0,0,'andx'),(363,NULL,'thanhtn@dsvn.vn',0,'AIqbJS5Zajhr5zXfklVpovhaYq9DfJFat1AvmNNLr2DwzCSoXvN9mX7BnGiYRrSzyQ==','aa4ddafe-1799-45c8-b47f-dad32f5fe223',NULL,0,0,'2015-08-19 14:29:34',0,0,'thanhtn'),(366,NULL,'hungba@dsvn.vn',0,'ANQel6XRJw41toosQKyux2/4R7LaCnnXZAqoeut4MmyNsoTRYCiulAPQUcLQMD3VNg==','8adc6dd0-fa8c-4a34-b774-2642b8c5ee3e',NULL,0,0,'2015-08-19 14:29:35',0,0,'hungba'),(369,NULL,'nghiahh@dsvn.vn',0,'AIFUvaZ/82LPZc9zPeIuQUtvYRCM3zShh7cmC9369LvnZMu92Tfr+srQKNQaoYCE7A==','bd560da4-a807-467c-acd3-984fb4c268bf',NULL,0,0,'2015-08-19 14:29:37',0,0,'nghiahh'),(372,NULL,'khainv@dsvn.vn',0,'AGCZ3BGmTgaSvJ2w9tgZiA41s400S1sI5jvu6+jzjCe4m4dLYiYXRjMN9bFqMmYGBw==','1073d9f7-81ec-4e96-adeb-ca7d2e66f1b4',NULL,0,0,'2015-08-19 14:29:38',0,0,'khainv'),(375,NULL,'manhpv@dsvn.vn',0,'AA2IQdTdWolgKIkla4s1MvnVxAH5a6P7zserlDP2IqAVzYwfEdEmhajBWt5Cd1GCKg==','984ff368-58dd-43c2-8773-88d29c45e6d5',NULL,0,0,'2015-08-19 14:29:40',0,0,'manhpv'),(378,NULL,'hientv@dsvn.vn',0,'AEdRJeQwzwyYn3+0ihL/i0n3mEzncaeX4SkJZcMAXA7S17fxIStNd5OhSFSrbCBJzQ==','aa23e6b3-0e1f-49fe-934c-351797d4dc58',NULL,0,0,'2015-08-19 14:29:42',0,0,'hientv'),(381,NULL,'ngoctd@dsvn.vn',0,'AKc0CosEqR9B9Zz8yR3sqZoS3NR56gY0PWTv5/AHz0mYo9U6F+lLuYzseWQrJt6amw==','90a7d9b3-0971-41b9-959e-fc6319ddebd8',NULL,0,0,'2015-08-19 14:29:43',0,0,'ngoctd'),(384,NULL,'toannh@dsvn.vn',0,'AAudagP9rATbQqlmh+yG6G1Cr9CzPmFSZ9NEh/0vTpuCALZq2PsZEJhPRGOFgLDFxA==','37e517c4-9762-499c-aa65-22008a5ac540',NULL,0,0,'2015-08-19 14:29:45',0,0,'toannh'),(387,NULL,'hungtx@dsvn.vn',0,'AIuvdjl2WQshNYclVGAUa6xqSMK1ww3JO/tF2aOBYU2KaSzkF0FSw9NFEPtQcekeUw==','1e95769b-d503-41f3-95b2-3f01be48ff8c',NULL,0,0,'2015-08-19 14:29:46',0,0,'hungtx'),(390,NULL,'kietnt@dsvn.vn',0,'ACE+BUF1RdLU6us+lLMBPg07aptx8sy3oN5M3hbI2G0PQGQWYla3zjZyh0IpLsdcjw==','af2e2be7-c4bf-449f-a3c0-8522059540b6',NULL,0,0,'2015-08-19 14:29:48',0,0,'kietnt'),(393,NULL,'tungvm@dsvn.vn',0,'ALXhWhYKd2XcB+le7doPMFcIMXAiAiknW/3Kml3au5yyrj4KKQ1IzMtXzCXHmF+g+w==','6b0b7308-3bb4-41a8-8409-8b62e53711f6',NULL,0,0,'2015-08-19 14:29:49',0,0,'tungvm'),(396,NULL,'cucnt@dsvn.vn',0,'AI70F/xo0+Di+f02iv6RIA/LSvWlFNCncE3LvGrdrfBHcw1Ko7i8pnBWseLo7GAWJQ==','0d2a8758-d128-4930-b9c7-6c05f4a082c7',NULL,0,0,'2015-08-19 14:29:51',0,0,'cucnt'),(399,NULL,'dinhdx@dsvn.vn',0,'AMx3rxrHJl6RZrfoiC+SfX7szQaNXltZ7j8AOg2fiEUVblIOZmEjBcHM9JfRZw/PMQ==','1bc5493e-81ea-402d-969f-09d7d16d20c2',NULL,0,0,'2015-08-19 14:29:52',0,0,'dinhdx'),(402,NULL,'linhnx@dsvn.vn',0,'AClGcEoO2Oszm2IKcrWYsNFEziWy/c/fWj5QPy3jeYb6klTZi2WWnbuebJnjTciQxw==','c70696f4-603c-445f-9431-96122d7986b8',NULL,0,0,'2015-08-19 14:29:54',0,0,'linhnx'),(405,NULL,'quyenlv@dsvn.vn',0,'ANp1waJMgVY3cZ0F5HejHxCuGv4Gc14qdf6HtQukqXWN0Rd0BG5W/9k3JuOUATbaFg==','d92814aa-f907-41ba-8f05-f6c134401f13',NULL,0,0,'2015-08-19 14:29:56',0,0,'quyenlv'),(408,NULL,'thucpn@dsvn.vn',0,'ADSjoN3Oda/I+j4VrbX0btM9wp3qrgSiVvQUjmQX+f7szfjfFoqfxcwLmFIFO160dA==','a16b3cec-aabb-4481-88e4-a210cb9f1201',NULL,0,0,'2015-08-19 14:29:57',0,0,'thucpn'),(411,NULL,'tienbv@dsvn.vn',0,'AIClTUDHnPTpkajmjW9drMrx+PVEWwO6Lqez4GYApkHzRygsy0TNwKIE0ySlp62NSw==','4938268c-9a23-4c8d-ae65-abc6d3f0cccf',NULL,0,0,'2015-08-19 14:29:59',0,0,'tienbv'),(414,NULL,'thangnh@dsvn.vn',0,'ACnMdMkA9SBB3rBddD30o1IuC+OKMIqQ3Dgsp/cbwGWph0PmXnajBb3x+cSXKrIrMg==','5fc7f155-2f8e-409b-a147-c0888ec9b33f',NULL,0,0,'2015-08-19 14:30:00',0,0,'thangnh'),(417,NULL,'thieupm@dsvn.vn',0,'AI60tgcYOBWpwDKx5P6NsdVxV5/JW2oz0mInO8AHY6dXRUZcpOE2wmN2Z/7Xci7/WA==','15b3e453-e579-48d6-9ed0-bfb72c2b5b95',NULL,0,0,'2015-08-19 14:30:02',0,0,'thieupm'),(420,NULL,'oanhdtk@dsvn.vn',0,'AFuYmqO4U9n6+JEWGe48fM9LFrEF4rCxreT/QQNKfQc4/KZa2yglJ1PY9QEI1XlnKg==','ae49eb56-5ffd-4210-a6a9-d510b94360b2',NULL,0,0,'2015-08-19 14:30:03',0,0,'oanhdtk'),(423,NULL,'hacv@dsvn.vn',0,'AO1PjU7kOM73z2fzXcBj/ngYGGIrYSNkv3TEYLMuWYz0BBjf6VDZ7I+n4DY8J0zebQ==','8e2cace7-e772-4520-86e3-01aba7745e6f',NULL,0,0,'2015-08-19 14:30:05',0,0,'hacv'),(426,NULL,'cuongn@dsvn.vn',0,'APd3WbowOU/reGkz78faZoVSjaLVmdQYHArQVPzEPfQHbS/nM9wZXkkAD+mAPVM0Zg==','9f77e78f-9937-4d94-b31a-0f70f2ae83b0',NULL,0,0,'2015-08-19 14:30:06',0,0,'cuongn'),(429,NULL,'tratc@dsvn.vn',0,'ADqY92fPkQoGOqL0ezcJIig7ozUK4CD1XYn7y7nT9V7ouVJ9jBcZTiaut6JVf5rFgg==','c1667ec3-cef6-4dbf-9901-271022e41178',NULL,0,0,'2015-08-19 14:30:08',0,0,'tratc'),(432,NULL,'tungnv@dsvn.vn',0,'AHRRLthtJoQRHDvHydBFu3WTtLIiolREjnmgpW/XpQmS0eGqpXO5NkWUzwlBD7x3Nw==','ea4bab59-9489-4ee9-9fed-e2add8b5a7ec',NULL,0,0,'2015-08-19 14:30:09',0,0,'tungnv'),(435,NULL,'minhhv@dsvn.vn',0,'AE3JDyDkZ9ZyhN6paw4OYIbNzonAJoNDOaIlSEW1ztwmRsgn+GLyZ+HMZnf6RbtlwA==','40782854-47ec-474d-9254-89bf5e52070c',NULL,0,0,'2015-08-19 14:30:11',0,0,'minhhv'),(438,NULL,'tuann2@dsvn.vn',0,'AHuVMf6a6UcvhSqPwcex2c6Cvg2JgxXzPRZnRh6VurRxj7w88DScFIUhROCKsRbblg==','b175312e-838b-4639-b631-2ba6cf59b7d7',NULL,0,0,'2015-08-19 14:30:13',0,0,'tuann2'),(441,NULL,'tuantd@dsvn.vn',0,'APGCnWjmsygMHN2XF45haJ9k2QR4V5PsaOGjxEH9epBRyMZ3VAQ3d2ihT2rr3NfqaA==','e9531ad0-5cec-40dc-a601-f68728fa8f5b',NULL,0,0,'2015-08-19 14:30:14',0,0,'tuantd'),(444,NULL,'phunh@dsvn.vn',0,'ALWTre9xWDLnvhcZ1iIHdiWvKrfKORsVf72PL4dFfg7kw6aUmt76BAnexyBWbvV3gg==','fda3bbec-fc57-44fd-8531-f90d2b3d36ff',NULL,0,0,'2015-08-19 14:30:16',0,0,'phunh'),(447,NULL,'khaitx@dsvn.vn',0,'AE6c8C5DI87B4oUsJdOCaXI2+BE4nGppytBcjCnTV31XNdCZsX/Dgp3MKJUU+W32/Q==','21cd39f6-9461-4d7b-8585-95b05443ea94',NULL,0,0,'2015-08-19 14:30:16',0,0,'khaitx'),(450,NULL,'kyvd@dsvn.vn',0,'ADByUmOjlqDcplyotRHIU3TS3CruAhJ9Hyh3KATfyDvvXBf5e3EjkQevPWOw1T8meA==','85665fc8-4c21-4324-ab26-32b7e93d08b5',NULL,0,0,'2015-08-19 14:30:17',0,0,'kyvd'),(453,NULL,'hungnv@dsvn.vn',0,'AKrZZP2+H4NpXwXdP5pxCedaEpLpKuAW0xBUjXUIdVIVn1EXbFhW9SpyRRWupjl/+Q==','b55fadb5-e010-4afe-8632-adc7cd1c7751',NULL,0,0,'2015-08-19 14:30:18',0,0,'hungnv'),(456,NULL,'hoaibt@dsvn.vn',0,'AFzB1tqVeUiamuQ2vY/xbBDj/lf5fbv9EZc+Wai4bJvwMPFcqTOUnmcqCMfWpHDifg==','1d403d4f-ba3f-4477-b3f1-182f82bfffae',NULL,0,0,'2015-08-19 14:30:19',0,0,'hoaibt'),(459,NULL,'duclt@dsvn.vn',0,'AMqdTVzLy7Tb+Cb+VCqMTFuSRUwq1X23zV9p7LxSo2pwsd5zFg1kkujT7qZnufUvOw==','8b26d26d-734e-40cb-bd9a-6701015948cb',NULL,0,0,'2015-08-19 14:30:19',0,0,'duclt'),(462,NULL,'doannv@dsvn.vn',0,'AK0r/B4+K2iLk6nCydHNPCiER1umab5oIHqNZk7flbuDMQ0QjZvvrhNYJ6Ti4I61Ig==','b30176a9-d3b9-4f5b-9542-a781b254d574',NULL,0,0,'2015-08-19 14:30:21',0,0,'doannv'),(465,NULL,'congbt@dsvn.vn',0,'AMBKsO7KhEOxPCsSC9uuSYZbGEGmpPAcWveOLl8qyXDwWXsazQDssn69RauHiF2ISg==','1399f13d-6311-4355-ac90-7e1962468755',NULL,0,0,'2015-08-19 14:30:21',0,0,'congbt'),(468,NULL,'phuonglt@dsvn.vn',0,'AOiPQFt13GEfKfZmL7NjSdHLb3MHHvwnVGKTHHS9/GOtJBfOoAok2Vd7/bnIrUb98A==','a170ec60-87e2-4f4e-a0bc-cc81deb39697',NULL,0,0,'2015-08-19 14:30:22',0,0,'phuonglt'),(471,NULL,'taind@dsvn.vn',0,'AMX9FlfxXXHzFmDQGKNxm3A5l6x1N+vcZ377QNdoLtXJq1T1uv80tsGSdDHaV7o3tw==','48daa6d4-5850-4106-81c2-4ebdf456f710',NULL,0,0,'2015-08-19 14:30:22',0,0,'taind'),(474,NULL,'namnh@dsvn.vn',0,'APtmZ0Y1BVDfH6hUebSgnps7+aap0ydebqmpznPO1YAY6aX2RI7rxw2bJ7BePd8MXw==','201397bf-6737-462a-a1f4-f7f8c0523920',NULL,0,0,'2015-08-19 14:30:24',0,0,'namnh'),(477,NULL,'binhhv@dsvn.vn',0,'ADMkBX/KVcmh3+EXdtWmp8gm5Ipc1UcXKGxWYNOWCJNA5u1k7NwPDt3WFCCddJu0tQ==','893e60fe-b70b-4eb0-a482-fd1e34f832ae',NULL,0,0,'2015-08-19 14:30:24',0,0,'binhhv'),(480,NULL,'bangvh@dsvn.vn',0,'AGgG3xE4yPzVet2JkpUGdyyJ1QqyN8CK0/6d+haDC6Rtx7TaM66s1JtaTTz3xdalCA==','0fe3e696-4dd0-4626-a95f-40f3bcbda459',NULL,0,0,'2015-08-19 14:30:25',0,0,'bangvh'),(483,NULL,'quynd@dsvn.vn',0,'ALfu6491gR/aQm1xnRd+81Yn881U+ATXx2oQbz88LVrJ2JpyzbVHY+HoEuoHCyP0ug==','7379244a-4fdd-4573-86bb-48c77b2de439',NULL,0,0,'2015-08-19 14:30:26',0,0,'quynd'),(486,NULL,'khanhln@dsvn.vn',0,'ADK8O8NPdnLuiBcoEojCdINJkukKsQ46G2he3CYNcCVmnUe76hOxiBYyXzgV2uZ8Jg==','5c4c4944-269a-4cdf-afb8-72b3518278d8',NULL,0,0,'2015-08-19 14:30:27',0,0,'khanhln'),(489,NULL,'sonnc@dsvn.vn',0,'ANZ2KecIscTdMOFVkz+SPRZQ3BdTl6yy8vgINKMaE8BfgXBKpmVwoUkSt3bGxzgB6w==','fa0b603c-c257-4d61-97f0-e01beecb2d77',NULL,0,0,'2015-08-19 14:30:27',0,0,'sonnc'),(492,NULL,'haidd@dsvn.vn',0,'AMkm3pm4KhmLE7haqOgr5l+v7QG1WfufrNOAc/i8m9eROFGLQf6jl7qggyNSoAQShQ==','5aff132e-6d7e-4e8f-b3d3-581cfcde7d7a',NULL,0,0,'2015-08-19 14:30:29',0,0,'haidd'),(494,NULL,'minhvt1@dsvn.vn',0,'AFN3WwoBSXxUKfm6SNF7EYNwdKbEu43/YVcvTbOaeta3CWYk/46s5edK6FQZzx8zfQ==','f2c98c83-f91e-4355-b860-ba1a9da13f50',NULL,0,0,'2015-08-19 14:37:52',0,0,'minhvt1'),(495,NULL,'hud01@dsvn.vn',0,'AOUD7kXoHFX3h/gTZeLPzCuB/o83VM+Qkgu/2k1T839f+MKZVWLY1bChHBv5LgGEHg==','a5324a72-36f5-4cbb-b38a-41714723cdca',NULL,0,0,'2015-08-19 19:15:55',0,0,'hud01'),(497,NULL,'hut01@dsvn.vn',0,'ANva8piM/Ydbol7/4Sw7WqYZfPoRwjF39KIyAY6DjVMaUUDj2buKIkxLx3q/ZH13aw==','a7563e70-8ab5-49e2-beaf-37a7ced62044',NULL,0,0,'2015-08-19 19:15:57',0,0,'hut01'),(498,NULL,'vid01@dsvn.vn',0,'AMR+Jh2SgCrt+sGUMFbJ8IVnaJ+sXFFuohx9JcLOBCsaUeWXprVMaTofSHn2ddIkbw==','f156f1a9-3dc1-40ef-be7f-c80dff27b3aa',NULL,0,0,'2015-08-19 19:15:59',0,0,'vid01'),(501,NULL,'vit01@dsvn.vn',0,'AA2JtHP69x3KpfZc8J+fRk1kj7gesPlyDCP3RlMMkPMXHnvvKr64tdOktkDHDmCWew==','f3b6a0b2-d3b4-49e5-b2fa-6d03fc35351f',NULL,0,0,'2015-08-19 19:16:00',0,0,'vit01'),(503,NULL,'bgd01@dsvn.vn',0,'AOSYb7YL0nGpvHJ89Xjgn9L0LfNHPgNzBK2CojMU8QJ9W8/S27D+N8/iwl783d8BxA==','50c3cfa4-7e5d-42f8-8b76-8acb1817d02d',NULL,0,0,'2015-08-19 19:16:02',0,0,'bgd01'),(504,NULL,'bgd02@dsvn.vn',0,'ACVNyRZ+rkH8Ud2rvx+P/TnWtNBOkXiB/EdyuC9z+ZfkCCou6V2DPX1Y9yh4+Lp+4Q==','dc03809a-1a11-46e9-9556-94a12feccba7',NULL,0,0,'2015-08-19 19:16:03',0,0,'bgd02'),(506,NULL,'bgd03@dsvn.vn',0,'AEIubP5dR/ep4qtIftk4r9M04twqVYSPZoeD4HDOveGVasksJS+0pkxED8ti9SoLQg==','0f08c12a-405a-4d6b-af57-a5cf3da07421',NULL,0,0,'2015-08-19 19:16:05',0,0,'bgd03'),(507,NULL,'hpd01@dsvn.vn',0,'AAFMKL2+x87d4lJ51yvxDQW0mqnL5TgeS3iFrYau5G22qtU0mNXh6RFh49pFS5L8Dg==','a8abdfc8-ebf0-4f38-b1f9-bec664f3f0d2',NULL,0,0,'2015-08-19 19:16:06',0,0,'hpd01'),(510,NULL,'hpd02@dsvn.vn',0,'ALknZ0CtGsIrGxUK3joRcuyX1v7Ct78c8KG48HFJGjQLcAFvS4ab5htCHv4VWTCdXQ==','3d5d5439-a716-4e44-9ec9-67c75f000332',NULL,0,0,'2015-08-19 19:16:08',0,0,'hpd02'),(512,NULL,'hpd03@dsvn.vn',0,'AGGiEuVhp6rncSfCydJD80u5TaI+aKxZ0eoi7u75LoWn3uJm4z9r4tU31NXRQMM26Q==','1e81fc61-415f-4261-a1a2-abe2a4b535d2',NULL,0,0,'2015-08-19 19:16:10',0,0,'hpd03'),(515,NULL,'hpd04@dsvn.vn',0,'AADbmgFnxqDMTcmZZXj4YVwyXTzDyI+e5dEUyHwZ38rVLViK6GavaYEn+voDeCyv0Q==','6c7bfc35-d17c-4951-bbab-f8cee54776cf',NULL,0,0,'2015-08-19 19:16:11',0,0,'hpd04'),(516,NULL,'hpt01@dsvn.vn',0,'AFoJG6CU0mFcbPOKDQd5OxEdU8jETkh03hhyX9EXXor6fx5ETFy1foyFZBGLavd/IA==','a2f80c6d-6cac-4657-935c-aa2285c75ccb',NULL,0,0,'2015-08-19 19:16:13',0,0,'hpt01'),(519,NULL,'hpt02@dsvn.vn',0,'AH+FF3Raf5uHY7eTDiXJAyiIOOoCqcRnNhRFYGwiN6qw9pJfQvB+FWYxDpCe8ZJcjw==','97ce64ed-0268-4a2e-bb95-9ee7a2a4df20',NULL,0,0,'2015-08-19 19:16:14',0,0,'hpt02'),(522,NULL,'hpt03@dsvn.vn',0,'AOgy1jWSoC74vbo4a5uHtFvrF0dRxXfQ8K7CZI+1GxECQD60CbsiuIv3f61Fggeb/Q==','af1495f5-6ab8-4367-a1e9-4bead5459ced',NULL,0,0,'2015-08-19 19:16:16',0,0,'hpt03'),(524,NULL,'hnt01@dsvn.vn',0,'AB3WYzrB/IRuCued5Q0DEFCjipNq4EFi9haO0ddxJNxomj+Fyiyj1ZozrHXzO8zk6Q==','3d112750-f5ff-46a8-be4b-bc86545d1398',NULL,0,0,'2015-08-19 19:16:17',0,0,'hnt01'),(527,NULL,'hnt02@dsvn.vn',0,'AAdOcQctP1PlwRaY1QFwR0U6aUsER3G+typzk7wI7L6Vzlu5m57E+x1BKIIBjHHYmw==','1cbe3429-b5b4-4da5-b653-1488723483f4',NULL,0,0,'2015-08-19 19:16:19',0,0,'hnt02'),(528,NULL,'hntv01@dsvn.vn',0,'ACa+5YfWYgiIdbxMv59lOrdK0xNx2+4zzZ5iJ/npPkcCcoeRGCrpGUSTpTdgG0OsfQ==','bace6b8a-a875-41a9-be95-f9110371d6d2',NULL,0,0,'2015-08-19 19:16:20',0,0,'hntv01'),(530,NULL,'hntv02@dsvn.vn',0,'AOWCvcLXQdfy/xyDXGClfTyiuU4WIx6exzryvpuRMJTQLJiKtQtXikU0cNLLCPZffg==','d64ee107-b084-4b2f-90e7-258f0561732c',NULL,0,0,'2015-08-19 19:16:22',0,0,'hntv02'),(531,NULL,'hntv03@dsvn.vn',0,'ALB5UbY/ZNWw7CJXfjXtr5i35Qp6zAsOiY2gUARf21wRHbGktNoQlTV+szSVksJWzw==','e2dc19dc-06ef-4e9c-91ee-4d04c3b36207',NULL,0,0,'2015-08-19 19:16:24',0,0,'hntv03'),(533,NULL,'hntv04@dsvn.vn',0,'AOWWDcZqCMnkQALxxMm96YUJ1/XOP6gKtUWpgx7NR7FX2CZfO8V+Ruml2DHjDY88KQ==','b3803b6d-99e6-477b-9c99-6c5f387cb1ec',NULL,0,0,'2015-08-19 19:16:25',0,0,'hntv04'),(536,NULL,'hntv05@dsvn.vn',0,'AIevPV7gU5cXKyZ0FkQsImO2hCVix+EC+cosX6W95cCnXT9+No20zRbUlIXUNJng7A==','b3af21fe-78fa-45d5-8843-a9f5e615b1ed',NULL,0,0,'2015-08-19 19:16:27',0,0,'hntv05'),(537,NULL,'hntv06@dsvn.vn',0,'AA9uXsyrHpVQSL2LARTFKl4Z9k3Pe5WhF3Ejp+TqUrmRKXcHEYEKokMtXmzPpoqBGA==','26e84988-e56c-4e1a-aa2a-98687c8af980',NULL,0,0,'2015-08-19 19:16:28',0,0,'hntv06'),(539,NULL,'dhd01@dsvn.vn',0,'ACzO/Rj46jkSSTF8sMp/g5Uq2qPMP9gwYVWaacs2FdTPZx3pl+GBr+wze1yK36wbnw==','1eb091b1-a281-46f2-ab6e-7bf1cfc3deb9',NULL,0,0,'2015-08-19 19:16:30',0,0,'dhd01'),(540,NULL,'dht01@dsvn.vn',0,'AMhrG7MN9pU2PiHZa6kOsnVgCbdU3CnITh9PBHfLgnb3Dy/lZ6WDqUaapp/Rac7hiQ==','bb6d3c0f-f2c8-497c-857a-90310f2e0ea2',NULL,0,0,'2015-08-19 19:16:31',0,0,'dht01'),(542,NULL,'hieplt@fpt.com.vn',0,'AN0vxFFWgAciMbd1yzTlYoquaYBTbzBHLid1m3JJW6mVHrfFgzxyVVy174xBDNosfw==','ac373770-f94a-41dd-8fb6-f46db3b09035',NULL,0,0,'2015-08-26 13:30:48',0,0,'hieplt@fpt.com.vn'),(543,NULL,'fptsupport@fpt.com.vn',0,'AK5NJxN5kuW9/10MMFF2y8mRciH0XEGXL8q5Wl7QPRPkBZz3oUoyY0icUoqYoT79nA==','5d10595b-7b8c-4d0e-ab3c-bb4fd160ec3f',NULL,0,0,'2015-08-27 16:53:25',0,0,'fptsupport'),(545,NULL,'hanghoa_adm@gmail.com',0,'AB3HdocRp2swiOwB+ukiDcnXQwNGCk8FL7og0gZH8LHfO9BNZIb3OClsmfeVKKF4rQ==','f3dd24d0-ceec-4e69-a9f1-d2948c903dc5',NULL,0,0,'2015-09-03 13:31:11',0,0,'hanghoa_adm'),(548,NULL,'ddt_yblc_user1@gmail.com',0,'AE2ag3FldfQqdl8VPNz8Q4L2CUtCsPdG3WDYJMXNpy94NgpVai7U1VlL4Fb7/TYiwA==','bca545f4-b548-4f9b-9fdc-f47cbd9272b4',NULL,0,0,'2015-09-04 10:05:52',0,0,'ddt_yenbai_laocai_user1'),(549,NULL,'ddt_vtyb_user1@gmail.com',0,'ACcQrLtAOWWTQxLVQ29VST9Ki+ctpCEAtKHPEARBUhLQiCTBqqRL9+L+gblWNa9DiA==','5a5dbae8-5b28-40c7-8c6c-db15b98a17a1',NULL,0,0,'2015-09-04 10:16:51',0,0,'ddt_viettri_yenbai_user1'),(551,NULL,'ddt_hv_user1@gmail.com',0,'ACv10QOw3ltWm0fSkjteRUq8S2Z4BHZuAAbuFfqykvI1X+IrWAJ7r3aRw89vnpRjqg==','e2057725-fdfc-48d4-bbad-4f278f80c209',NULL,0,0,'2015-09-04 10:17:52',0,0,'ddt_hai_viet_user1'),(552,NULL,'ddt_kep_user1@gmail.com',0,'AArYh4xix/aQdyaHKyeKZqM3NbGpkm2kvts9wxW1rDadaxmqlz3JVqo9i81XvXHC0w==','bcb34fb4-e296-4536-99fb-b0d4bdcb3322',NULL,0,0,'2015-09-04 10:19:50',0,0,'ddt_hanoi_kep_halong_user1'),(555,NULL,'ddt_daumoi_user1@gmail.com',0,'AKUoWod2ZgS/vEaVXlNSRoqdSueL95C47QUDgSOlZu5DR7bJc+OnfyF+bIJ3vcTNlw==','f87c25fd-5c11-4545-88b8-761db65445a1',NULL,0,0,'2015-09-04 10:22:50',0,0,'ddt_khu_dau_moi_user1'),(558,NULL,'ddt_dhdn_user1@gmail.com',0,'AL5Tt9+5JVCUuzhvf3aHByGDM/3StqUX/s3b8AT/K2Vw6K7FbRiOj5b+vy7PhHBfRg==','c95d8b03-a091-4b42-816a-c57da31768eb',NULL,0,0,'2015-09-04 10:24:04',0,0,'ddt_donghoi_danang_user1'),(560,NULL,'ddt_dndt_user1f@gmail.com',0,'AMzJedmW7DEAr0ar7aB959k/MSMLhQ58QsETaOTFamgVDI6pu+kn5TlGkuiIiGB7aQ==','d0e34cfc-3c82-46f7-b0ac-eabdad5b76dd',NULL,0,0,'2015-09-04 10:25:08',0,0,'ddt_danang_dieutri_user1'),(561,NULL,'ddt_vdh_user1@gmail.com',0,'AFgAv1aqynZaiZv6mOnqzyKuznVFucXv7BwWe5+C2ryiKzaG1PSKOvGLKwAumO4ehQ==','c5c50291-3123-4440-898e-5c946a75a024',NULL,0,0,'2015-09-04 10:26:09',0,0,'ddt_vinh_donghoi_user1'),(563,NULL,'ddt_tcsg_user1@gmail.com',0,'AD9axp4TLsFYeCMdYHc/a6+zpNhmog9g9sBN3KW7vxdTxgZj/D/y1YpISzoGEFk5WA==','23d11dd3-4298-4148-b8e3-546ad8850bb0',NULL,0,0,'2015-09-04 10:27:15',0,0,'ddt_thapcham_saigon_user1'),(564,NULL,'ddt_thv_user1@gmail.com',0,'AMfJ0Xj1cZBwPwKWfVQgLo/lJ96EFHky4yRiskL8xKQoLVMuUWPO4prQ754+MOz67A==','e43ade2f-bf47-49ae-95aa-c7a963bbb5d1',NULL,0,0,'2015-09-04 10:28:17',0,0,'ddt_thanhhoa_vinh_user1'),(567,NULL,'ddt_hnth_user1@gmail.com',0,'AC6K8PDJEMj+NgWdKwdBs+ukKdNOH8O6OkNLw6ghQXmZRx8IB2uoGX7+XYDMfpZtdg==','0c755bd2-c7e2-4919-bb63-8fe55e735f3f',NULL,0,0,'2015-09-04 10:29:31',0,0,'ddt_hanoi_thanhhoa_user1'),(570,NULL,'ddt_dttc_user1@gmail.com',0,'AP22dXgO28mKmQPsIxa5zUcUbhVUsax8D58MkG8uRq+HBid0jwFKGkLoGR/raDvxaw==','9e385179-9cf7-4c8b-8401-08aa618da85d',NULL,0,0,'2015-09-04 10:30:58',0,0,'ddt_dieutri_thapcham_user1'),(572,NULL,'vtdshn_user1@gmail.com',0,'AFZ0dIxJQr0Iesg/97VXVpXHV/l2JRXEsium68j+LJdPK4jAdUt5cMzcMixihqjWRQ==','d8c66066-4ce6-4d5b-8a31-1925830e0a25',NULL,0,0,'2015-09-04 10:33:02',0,0,'vtdshn_user1'),(573,NULL,'vtdssg_user1@gmail.com',0,'ADCXosJgpkSWJ/1aQ2/YMJ0G5Rr8KVGvWS8tHeAWDNga8ICzXf8PmOT2tGyIxTdf9g==','09edc9f2-8551-4c8a-9b8c-ba30b56e6ba3',NULL,0,0,'2015-09-04 10:34:32',0,0,'vtdssg_user1');

UNLOCK TABLES;

/*!40101 SET SQL_MODE=@OLD_SQL_MODE */;
/*!40014 SET FOREIGN_KEY_CHECKS=@OLD_FOREIGN_KEY_CHECKS */;
/*!40014 SET UNIQUE_CHECKS=@OLD_UNIQUE_CHECKS */;
/*!40111 SET SQL_NOTES=@OLD_SQL_NOTES */;
